key,value
AccountTrie.Name,account trie
AccountTrie.Levels[0].Short,0
AccountTrie.Levels[0].Full,1
AccountTrie.Levels[0].Value,0
AccountTrie.Levels[0].Size,532
AccountTrie.Levels[1].Short,0
AccountTrie.Levels[1].Full,16
AccountTrie.Levels[1].Value,0
AccountTrie.Levels[1].Size,8512
AccountTrie.Levels[2].Short,0
AccountTrie.Levels[2].Full,256
AccountTrie.Levels[2].Value,0
AccountTrie.Levels[2].Size,136192
AccountTrie.Levels[3].Short,0
AccountTrie.Levels[3].Full,4096
AccountTrie.Levels[3].Value,0
AccountTrie.Levels[3].Size,2179072
AccountTrie.Levels[4].Short,0
AccountTrie.Levels[4].Full,65536
AccountTrie.Levels[4].Value,0
AccountTrie.Levels[4].Size,34865152
AccountTrie.Levels[5].Short,0
AccountTrie.Levels[5].Full,1048576
AccountTrie.Levels[5].Value,0
AccountTrie.Levels[5].Size,557842432
AccountTrie.Levels[6].Short,0
AccountTrie.Levels[6].Full,16777216
AccountTrie.Levels[6].Value,0
AccountTrie.Levels[6].Size,6792963969
AccountTrie.Levels[7].Short,97012726
AccountTrie.Levels[7].Full,104785364
AccountTrie.Levels[7].Value,0
AccountTrie.Levels[7].Size,20443190831
AccountTrie.Levels[8].Short,250655925
AccountTrie.Levels[8].Full,14693392
AccountTrie.Levels[8].Value,92846447
AccountTrie.Levels[8].Size,28038383802
AccountTrie.Levels[9].Short,29684590
AccountTrie.Levels[9].Full,765129
AccountTrie.Levels[9].Value,249965148
AccountTrie.Levels[9].Size,3213961529
AccountTrie.Levels[10].Short,1531140
AccountTrie.Levels[10].Full,6113
AccountTrie.Levels[10].Value,29678725
AccountTrie.Levels[10].Size,162858530
AccountTrie.Levels[11].Short,12227
AccountTrie.Levels[11].Full,72
AccountTrie.Levels[11].Value,1531068
AccountTrie.Levels[11].Size,1284738
AccountTrie.Levels[12].Short,144
AccountTrie.Levels[12].Full,0
AccountTrie.Levels[12].Value,12227
AccountTrie.Levels[12].Size,14779
AccountTrie.Levels[13].Short,0
AccountTrie.Levels[13].Full,0
AccountTrie.Levels[13].Value,144
AccountTrie.Levels[13].Size,0
AccountTrie.Summary.Short,378896752
AccountTrie.Summary.Full,138145767
AccountTrie.Summary.Value,374033759
AccountTrie.Summary.Size,59247690070
StorageSummary.TotalStorageTries,26015809
StorageSummary.Totals.Short,1550373223
StorageSummary.Totals.Full,524768895
StorageSummary.Totals.Value,1534086757
StorageSummary.Totals.Size,145513148860
StorageSummary.Levels[0].Short,14400918
StorageSummary.Levels[0].Full,11614891
StorageSummary.Levels[0].Value,0
StorageSummary.Levels[0].Size,2992129891
StorageSummary.Levels[1].Short,41258841
StorageSummary.Levels[1].Full,19358490
StorageSummary.Levels[1].Value,14395638
StorageSummary.Levels[1].Size,5580150200
StorageSummary.Levels[2].Short,56239605
StorageSummary.Levels[2].Full,41001357
StorageSummary.Levels[2].Value,40875601
StorageSummary.Levels[2].Size,10997511704
StorageSummary.Levels[3].Short,134255758
StorageSummary.Levels[3].Full,97577515
StorageSummary.Levels[3].Value,55382706
StorageSummary.Levels[3].Size,22236763030
StorageSummary.Levels[4].Short,313743339
StorageSummary.Levels[4].Full,123072283
StorageSummary.Levels[4].Value,131844327
StorageSummary.Levels[4].Size,31247986923
StorageSummary.Levels[5].Short,347017277
StorageSummary.Levels[5].Full,112267770
StorageSummary.Levels[5].Value,309627050
StorageSummary.Levels[5].Size,30652384358
StorageSummary.Levels[6].Short,331341560
StorageSummary.Levels[6].Full,80543698
StorageSummary.Levels[6].Value,343534546
StorageSummary.Levels[6].Size,25208663356
StorageSummary.Levels[7].Short,228853240
StorageSummary.Levels[7].Full,36268404
StorageSummary.Levels[7].Value,328220097
StorageSummary.Levels[7].Size,13006741192
StorageSummary.Levels[8].Short,77110453
StorageSummary.Levels[8].Full,2982918
StorageSummary.Levels[8].Value,227019863
StorageSummary.Levels[8].Size,3350941060
StorageSummary.Levels[9].Short,5989053
StorageSummary.Levels[9].Full,81169
StorageSummary.Levels[9].Value,77035087
StorageSummary.Levels[9].Size,233653660
StorageSummary.Levels[10].Short,162379
StorageSummary.Levels[10].Full,399
StorageSummary.Levels[10].Value,5988664
StorageSummary.Levels[10].Size,6193662
StorageSummary.Levels[11].Short,798
StorageSummary.Levels[11].Full,1
StorageSummary.Levels[11].Value,162378
StorageSummary.Levels[11].Size,29758
StorageSummary.Levels[12].Short,2
StorageSummary.Levels[12].Full,0
StorageSummary.Levels[12].Value,798
StorageSummary.Levels[12].Size,66
StorageSummary.Levels[13].Short,0
StorageSummary.Levels[13].Full,0
StorageSummary.Levels[13].Value,2
StorageSummary.Levels[13].Size,0
StorageSummary.DepthHistogram[0],0
StorageSummary.DepthHistogram[1],14395638
StorageSummary.DepthHistogram[2],7447889
StorageSummary.DepthHistogram[3],2848634
StorageSummary.DepthHistogram[4],860337
StorageSummary.DepthHistogram[5],293287
StorageSummary.DepthHistogram[6],117341
StorageSummary.DepthHistogram[7],39300
StorageSummary.DepthHistogram[8],11054
StorageSummary.DepthHistogram[9],2033
StorageSummary.DepthHistogram[10],254
StorageSummary.DepthHistogram[11],38
StorageSummary.DepthHistogram[12],3
StorageSummary.DepthHistogram[13],1
StorageSummary.DepthHistogram[14],0
StorageSummary.DepthHistogram[15],0
TopByDepth[0].Owner,0x159e4890cde46d5cadbfcd08a052f495ae791244728e06d910cc743ed05eae12
TopByDepth[0].MaxDepth,13
TopByDepth[0].TotalNodes,368838217
TopByDepth[0].TotalSize,13935503027
TopByDepth[0].ValueNodes,158135051
TopByDepth[0].Levels[0].Short,0
TopByDepth[0].Levels[0].Full,1
TopByDepth[0].Levels[0].Value,0
TopByDepth[0].Levels[0].Size,532
TopByDepth[0].Levels[1].Short,0
TopByDepth[0].Levels[1].Full,16
TopByDepth[0].Levels[1].Value,0
TopByDepth[0].Levels[1].Size,8512
TopByDepth[0].Levels[2].Short,0
TopByDepth[0].Levels[2].Full,256
TopByDepth[0].Levels[2].Value,0
TopByDepth[0].Levels[2].Size,136192
TopByDepth[0].Levels[3].Short,0
TopByDepth[0].Levels[3].Full,4096
TopByDepth[0].Levels[3].Value,0
TopByDepth[0].Levels[3].Size,2179072
TopByDepth[0].Levels[4].Short,0
TopByDepth[0].Levels[4].Full,65536
TopByDepth[0].Levels[4].Value,0
TopByDepth[0].Levels[4].Size,34865152
TopByDepth[0].Levels[5].Short,0
TopByDepth[0].Levels[5].Full,1048576
TopByDepth[0].Levels[5].Value,0
TopByDepth[0].Levels[5].Size,557799072
TopByDepth[0].Levels[6].Short,17287
TopByDepth[0].Levels[6].Full,16758574
TopByDepth[0].Levels[6].Value,0
TopByDepth[0].Levels[6].Size,4149520834
TopByDepth[0].Levels[7].Short,89355816
TopByDepth[0].Levels[7].Full,30128846
TopByDepth[0].Levels[7].Value,12689
TopByDepth[0].Levels[7].Size,6189321670
TopByDepth[0].Levels[8].Short,64759082
TopByDepth[0].Levels[8].Full,2767026
TopByDepth[0].Levels[8].Value,87720087
TopByDepth[0].Levels[8].Size,2777758594
TopByDepth[0].Levels[9].Short,5557055
TopByDepth[0].Levels[9].Full,79923
TopByDepth[0].Levels[9].Value,64684927
TopByDepth[0].Levels[9].Size,217782416
TopByDepth[0].Levels[10].Short,159888
TopByDepth[0].Levels[10].Full,395
TopByDepth[0].Levels[10].Value,5556669
TopByDepth[0].Levels[10].Size,6101505
TopByDepth[0].Levels[11].Short,790
TopByDepth[0].Levels[11].Full,1
TopByDepth[0].Levels[11].Value,159887
TopByDepth[0].Levels[11].Size,29410
TopByDepth[0].Levels[12].Short,2
TopByDepth[0].Levels[12].Full,0
TopByDepth[0].Levels[12].Value,790
TopByDepth[0].Levels[12].Size,66
TopByDepth[0].Levels[13].Short,0
TopByDepth[0].Levels[13].Full,0
TopByDepth[0].Levels[13].Value,2
TopByDepth[0].Levels[13].Size,0
TopByDepth[0].Summary.Short,159849920
TopByDepth[0].Summary.Full,50853246
TopByDepth[0].Summary.Value,158135051
TopByDepth[0].Summary.Size,13935503027
TopByDepth[1].Owner,0xab14d68802a763f7db875346d03fbf86f137de55814b191c069e721f47474733
TopByDepth[1].MaxDepth,12
TopByDepth[1].TotalNodes,55677353
TopByDepth[1].TotalSize,2271310158
TopByDepth[1].ValueNodes,23370766
TopByDepth[1].Levels[0].Short,0
TopByDepth[1].Levels[0].Full,1
TopByDepth[1].Levels[0].Value,0
TopByDepth[1].Levels[0].Size,532
TopByDepth[1].Levels[1].Short,0
TopByDepth[1].Levels[1].Full,16
TopByDepth[1].Levels[1].Value,0
TopByDepth[1].Levels[1].Size,8512
TopByDepth[1].Levels[2].Short,0
TopByDepth[1].Levels[2].Full,256
TopByDepth[1].Levels[2].Value,0
TopByDepth[1].Levels[2].Size,136192
TopByDepth[1].Levels[3].Short,0
TopByDepth[1].Levels[3].Full,4096
TopByDepth[1].Levels[3].Value,0
TopByDepth[1].Levels[3].Size,2179072
TopByDepth[1].Levels[4].Short,0
TopByDepth[1].Levels[4].Full,65536
TopByDepth[1].Levels[4].Value,0
TopByDepth[1].Levels[4].Size,34865152
TopByDepth[1].Levels[5].Short,0
TopByDepth[1].Levels[5].Full,1048576
TopByDepth[1].Levels[5].Value,0
TopByDepth[1].Levels[5].Size,424538255
TopByDepth[1].Levels[6].Short,6065075
TopByDepth[1].Levels[6].Full,6546621
TopByDepth[1].Levels[6].Value,0
TopByDepth[1].Levels[6].Size,926176651
TopByDepth[1].Levels[7].Short,15656712
TopByDepth[1].Levels[7].Full,919442
TopByDepth[1].Levels[7].Value,5804287
TopByDepth[1].Levels[7].Size,790810953
TopByDepth[1].Levels[8].Short,1857401
TopByDepth[1].Levels[8].Full,47275
TopByDepth[1].Levels[8].Value,15614124
TopByDepth[1].Levels[8].Size,88509261
TopByDepth[1].Levels[9].Short,94626
TopByDepth[1].Levels[9].Full,317
TopByDepth[1].Levels[9].Value,1857094
TopByDepth[1].Levels[9].Size,4058476
TopByDepth[1].Levels[10].Short,634
TopByDepth[1].Levels[10].Full,1
TopByDepth[1].Levels[10].Value,94625
TopByDepth[1].Levels[10].Size,27025
TopByDepth[1].Levels[11].Short,2
TopByDepth[1].Levels[11].Full,0
TopByDepth[1].Levels[11].Value,634
TopByDepth[1].Levels[11].Size,77
TopByDepth[1].Levels[12].Short,0
TopByDepth[1].Levels[12].Full,0
TopByDepth[1].Levels[12].Value,2
TopByDepth[1].Levels[12].Size,0
TopByDepth[1].Summary.Short,23674450
TopByDepth[1].Summary.Full,8632137
TopByDepth[1].Summary.Value,23370766
TopByDepth[1].Summary.Size,2271310158
TopByDepth[2].Owner,0xfe1c2c3bf003e59420de2a964984544a947ac6de636a2dedb89b689ab278b65e
TopByDepth[2].MaxDepth,12
TopByDepth[2].TotalNodes,49103718
TopByDepth[2].TotalSize,1969261801
TopByDepth[2].ValueNodes,20669980
TopByDepth[2].Levels[0].Short,0
TopByDepth[2].Levels[0].Full,1
TopByDepth[2].Levels[0].Value,0
TopByDepth[2].Levels[0].Size,532
TopByDepth[2].Levels[1].Short,0
TopByDepth[2].Levels[1].Full,16
TopByDepth[2].Levels[1].Value,0
TopByDepth[2].Levels[1].Size,8512
TopByDepth[2].Levels[2].Short,0
TopByDepth[2].Levels[2].Full,256
TopByDepth[2].Levels[2].Value,0
TopByDepth[2].Levels[2].Size,136192
TopByDepth[2].Levels[3].Short,0
TopByDepth[2].Levels[3].Full,4096
TopByDepth[2].Levels[3].Value,0
TopByDepth[2].Levels[3].Size,2179072
TopByDepth[2].Levels[4].Short,0
TopByDepth[2].Levels[4].Full,65536
TopByDepth[2].Levels[4].Value,0
TopByDepth[2].Levels[4].Size,34865152
TopByDepth[2].Levels[5].Short,0
TopByDepth[2].Levels[5].Full,1048576
TopByDepth[2].Levels[5].Value,0
TopByDepth[2].Levels[5].Size,401209317
TopByDepth[2].Levels[6].Short,6267732
TopByDepth[2].Levels[6].Full,5615397
TopByDepth[2].Levels[6].Value,0
TopByDepth[2].Levels[6].Size,822731193
TopByDepth[2].Levels[7].Short,13139844
TopByDepth[2].Levels[7].Full,724942
TopByDepth[2].Levels[7].Value,6029426
TopByDepth[2].Levels[7].Size,639081598
TopByDepth[2].Levels[8].Short,1462537
TopByDepth[2].Levels[8].Full,34685
TopByDepth[2].Levels[8].Value,13108360
TopByDepth[2].Levels[8].Size,66861568
TopByDepth[2].Levels[9].Short,69407
TopByDepth[2].Levels[9].Full,236
TopByDepth[2].Levels[9].Value,1462313
TopByDepth[2].Levels[9].Size,2172955
TopByDepth[2].Levels[10].Short,471
TopByDepth[2].Levels[10].Full,2
TopByDepth[2].Levels[10].Value,69406
TopByDepth[2].Levels[10].Size,15557
TopByDepth[2].Levels[11].Short,4
TopByDepth[2].Levels[11].Full,0
TopByDepth[2].Levels[11].Value,471
TopByDepth[2].Levels[11].Size,153
TopByDepth[2].Levels[12].Short,0
TopByDepth[2].Levels[12].Full,0
TopByDepth[2].Levels[12].Value,4
TopByDepth[2].Levels[12].Size,0
TopByDepth[2].Summary.Short,20939995
TopByDepth[2].Summary.Full,7493743
TopByDepth[2].Summary.Value,20669980
TopByDepth[2].Summary.Size,1969261801
TopByDepth[3].Owner,0x1ff0800a6e13bdcaff61b95238167ef377e01ba97f832b3f9c149aad1d9f6a21
TopByDepth[3].MaxDepth,12
TopByDepth[3].TotalNodes,41595415
TopByDepth[3].TotalSize,1917312891
TopByDepth[3].ValueNodes,17585359
TopByDepth[3].Levels[0].Short,0
TopByDepth[3].Levels[0].Full,1
TopByDepth[3].Levels[0].Value,0
TopByDepth[3].Levels[0].Size,532
TopByDepth[3].Levels[1].Short,0
TopByDepth[3].Levels[1].Full,16
TopByDepth[3].Levels[1].Value,0
TopByDepth[3].Levels[1].Size,8512
TopByDepth[3].Levels[2].Short,0
TopByDepth[3].Levels[2].Full,256
TopByDepth[3].Levels[2].Value,0
TopByDepth[3].Levels[2].Size,136192
TopByDepth[3].Levels[3].Short,0
TopByDepth[3].Levels[3].Full,4096
TopByDepth[3].Levels[3].Value,0
TopByDepth[3].Levels[3].Size,2179072
TopByDepth[3].Levels[4].Short,0
TopByDepth[3].Levels[4].Full,65536
TopByDepth[3].Levels[4].Value,0
TopByDepth[3].Levels[4].Size,34865152
TopByDepth[3].Levels[5].Short,2
TopByDepth[3].Levels[5].Full,1048574
TopByDepth[3].Levels[5].Value,0
TopByDepth[3].Levels[5].Size,369617080
TopByDepth[3].Levels[6].Short,6371905
TopByDepth[3].Levels[6].Full,4525479
TopByDepth[3].Levels[6].Value,1
TopByDepth[3].Levels[6].Size,799075182
TopByDepth[3].Levels[7].Short,10327614
TopByDepth[3].Levels[7].Full,529444
TopByDepth[3].Levels[7].Value,6165389
TopByDepth[3].Levels[7].Size,644861778
TopByDepth[3].Levels[8].Short,1066872
TopByDepth[3].Levels[8].Full,23285
TopByDepth[3].Levels[8].Value,10306373
TopByDepth[3].Levels[8].Size,63943040
TopByDepth[3].Levels[9].Short,46592
TopByDepth[3].Levels[9].Full,127
TopByDepth[3].Levels[9].Value,1066749
TopByDepth[3].Levels[9].Size,2612170
TopByDepth[3].Levels[10].Short,254
TopByDepth[3].Levels[10].Full,1
TopByDepth[3].Levels[10].Value,46591
TopByDepth[3].Levels[10].Size,14063
TopByDepth[3].Levels[11].Short,2
TopByDepth[3].Levels[11].Full,0
TopByDepth[3].Levels[11].Value,254
TopByDepth[3].Levels[11].Size,118
TopByDepth[3].Levels[12].Short,0
TopByDepth[3].Levels[12].Full,0
TopByDepth[3].Levels[12].Value,2
TopByDepth[3].Levels[12].Size,0
TopByDepth[3].Summary.Short,17813241
TopByDepth[3].Summary.Full,6196815
TopByDepth[3].Summary.Value,17585359
TopByDepth[3].Summary.Size,1917312891
TopByDepth[4].Owner,0xfbd1592b616670c3c966b8ed9942aecdb2b25ab10837f7d1c8d1e66c10f243a8
TopByDepth[4].MaxDepth,11
TopByDepth[4].TotalNodes,38458576
TopByDepth[4].TotalSize,1616061715
TopByDepth[4].ValueNodes,16294950
TopByDepth[4].Levels[0].Short,0
TopByDepth[4].Levels[0].Full,1
TopByDepth[4].Levels[0].Value,0
TopByDepth[4].Levels[0].Size,532
TopByDepth[4].Levels[1].Short,0
TopByDepth[4].Levels[1].Full,16
TopByDepth[4].Levels[1].Value,0
TopByDepth[4].Levels[1].Size,8512
TopByDepth[4].Levels[2].Short,0
TopByDepth[4].Levels[2].Full,256
TopByDepth[4].Levels[2].Value,0
TopByDepth[4].Levels[2].Size,136192
TopByDepth[4].Levels[3].Short,0
TopByDepth[4].Levels[3].Full,4096
TopByDepth[4].Levels[3].Value,0
TopByDepth[4].Levels[3].Size,2179072
TopByDepth[4].Levels[4].Short,0
TopByDepth[4].Levels[4].Full,65536
TopByDepth[4].Levels[4].Value,0
TopByDepth[4].Levels[4].Size,34865152
TopByDepth[4].Levels[5].Short,5
TopByDepth[4].Levels[5].Full,1048571
TopByDepth[4].Levels[5].Value,0
TopByDepth[4].Levels[5].Size,354463093
TopByDepth[4].Levels[6].Short,6360174
TopByDepth[4].Levels[6].Full,4064900
TopByDepth[4].Levels[6].Value,2
TopByDepth[4].Levels[6].Size,692181714
TopByDepth[4].Levels[7].Short,9183865
TopByDepth[4].Levels[7].Full,457381
TopByDepth[4].Levels[7].Value,6169098
TopByDepth[4].Levels[7].Size,484094359
TopByDepth[4].Levels[8].Short,921186
TopByDepth[4].Levels[8].Full,19095
TopByDepth[4].Levels[8].Value,9166338
TopByDepth[4].Levels[8].Size,46301444
TopByDepth[4].Levels[9].Short,38214
TopByDepth[4].Levels[9].Full,110
TopByDepth[4].Levels[9].Value,921078
TopByDepth[4].Levels[9].Size,1820989
TopByDepth[4].Levels[10].Short,220
TopByDepth[4].Levels[10].Full,0
TopByDepth[4].Levels[10].Value,38214
TopByDepth[4].Levels[10].Size,10656
TopByDepth[4].Levels[11].Short,0
TopByDepth[4].Levels[11].Full,0
TopByDepth[4].Levels[11].Value,220
TopByDepth[4].Levels[11].Size,0
TopByDepth[4].Summary.Short,16503664
TopByDepth[4].Summary.Full,5659962
TopByDepth[4].Summary.Value,16294950
TopByDepth[4].Summary.Size,1616061715
TopByDepth[5].Owner,0x4e6f19bdf5c8f4aa5e46a382f33fbed981bd7d93c25885c5ecdabfdc102f8b67
TopByDepth[5].MaxDepth,11
TopByDepth[5].TotalNodes,37088457
TopByDepth[5].TotalSize,1295758567
TopByDepth[5].ValueNodes,15731344
TopByDepth[5].Levels[0].Short,0
TopByDepth[5].Levels[0].Full,1
TopByDepth[5].Levels[0].Value,0
TopByDepth[5].Levels[0].Size,532
TopByDepth[5].Levels[1].Short,0
TopByDepth[5].Levels[1].Full,16
TopByDepth[5].Levels[1].Value,0
TopByDepth[5].Levels[1].Size,8512
TopByDepth[5].Levels[2].Short,0
TopByDepth[5].Levels[2].Full,256
TopByDepth[5].Levels[2].Value,0
TopByDepth[5].Levels[2].Size,136192
TopByDepth[5].Levels[3].Short,0
TopByDepth[5].Levels[3].Full,4096
TopByDepth[5].Levels[3].Value,0
TopByDepth[5].Levels[3].Size,2179072
TopByDepth[5].Levels[4].Short,0
TopByDepth[5].Levels[4].Full,65536
TopByDepth[5].Levels[4].Value,0
TopByDepth[5].Levels[4].Size,34865152
TopByDepth[5].Levels[5].Short,10
TopByDepth[5].Levels[5].Full,1048566
TopByDepth[5].Levels[5].Value,0
TopByDepth[5].Levels[5].Size,347529764
TopByDepth[5].Levels[6].Short,6345221
TopByDepth[5].Levels[6].Full,3863872
TopByDepth[5].Levels[6].Value,8
TopByDepth[5].Levels[6].Size,569109949
TopByDepth[5].Levels[7].Short,8691579
TopByDepth[5].Levels[7].Full,426616
TopByDepth[5].Levels[7].Value,6161871
TopByDepth[5].Levels[7].Size,313774813
TopByDepth[5].Levels[8].Short,858975
TopByDepth[5].Levels[8].Full,17359
TopByDepth[5].Levels[8].Value,8675664
TopByDepth[5].Levels[8].Size,28147240
TopByDepth[5].Levels[9].Short,34731
TopByDepth[5].Levels[9].Full,93
TopByDepth[5].Levels[9].Value,858884
TopByDepth[5].Levels[9].Size,7341
TopByDepth[5].Levels[10].Short,186
TopByDepth[5].Levels[10].Full,0
TopByDepth[5].Levels[10].Value,34731
TopByDepth[5].Levels[10].Size,0
TopByDepth[5].Levels[11].Short,0
TopByDepth[5].Levels[11].Full,0
TopByDepth[5].Levels[11].Value,186
TopByDepth[5].Levels[11].Size,0
TopByDepth[5].Summary.Short,15930702
TopByDepth[5].Summary.Full,5426411
TopByDepth[5].Summary.Value,15731344
TopByDepth[5].Summary.Size,1295758567
TopByDepth[6].Owner,0x7b5855bb92cd7f3f78137497df02f6ccb9badda93d9782e0f230c807ba728be0
TopByDepth[6].MaxDepth,11
TopByDepth[6].TotalNodes,33421948
TopByDepth[6].TotalSize,1380418887
TopByDepth[6].ValueNodes,14216760
TopByDepth[6].Levels[0].Short,0
TopByDepth[6].Levels[0].Full,1
TopByDepth[6].Levels[0].Value,0
TopByDepth[6].Levels[0].Size,532
TopByDepth[6].Levels[1].Short,0
TopByDepth[6].Levels[1].Full,16
TopByDepth[6].Levels[1].Value,0
TopByDepth[6].Levels[1].Size,8512
TopByDepth[6].Levels[2].Short,0
TopByDepth[6].Levels[2].Full,256
TopByDepth[6].Levels[2].Value,0
TopByDepth[6].Levels[2].Size,136192
TopByDepth[6].Levels[3].Short,0
TopByDepth[6].Levels[3].Full,4096
TopByDepth[6].Levels[3].Value,0
TopByDepth[6].Levels[3].Size,2179072
TopByDepth[6].Levels[4].Short,0
TopByDepth[6].Levels[4].Full,65536
TopByDepth[6].Levels[4].Value,0
TopByDepth[6].Levels[4].Size,34865088
TopByDepth[6].Levels[5].Short,34
TopByDepth[6].Levels[5].Full,1048540
TopByDepth[6].Levels[5].Value,0
TopByDepth[6].Levels[5].Size,327616384
TopByDepth[6].Levels[6].Short,6259463
TopByDepth[6].Levels[6].Full,3329797
TopByDepth[6].Levels[6].Value,22
TopByDepth[6].Levels[6].Size,603947715
TopByDepth[6].Levels[7].Short,7400748
TopByDepth[6].Levels[7].Full,350905
TopByDepth[6].Levels[7].Value,6095657
TopByDepth[6].Levels[7].Size,376405477
TopByDepth[6].Levels[8].Short,705939
TopByDepth[6].Levels[8].Full,13213
TopByDepth[6].Levels[8].Value,7388631
TopByDepth[6].Levels[8].Size,34130854
TopByDepth[6].Levels[9].Short,26443
TopByDepth[6].Levels[9].Full,67
TopByDepth[6].Levels[9].Value,705873
TopByDepth[6].Levels[9].Size,1123445
TopByDepth[6].Levels[10].Short,134
TopByDepth[6].Levels[10].Full,0
TopByDepth[6].Levels[10].Value,26443
TopByDepth[6].Levels[10].Size,5616
TopByDepth[6].Levels[11].Short,0
TopByDepth[6].Levels[11].Full,0
TopByDepth[6].Levels[11].Value,134
TopByDepth[6].Levels[11].Size,0
TopByDepth[6].Summary.Short,14392761
TopByDepth[6].Summary.Full,4812427
TopByDepth[6].Summary.Value,14216760
TopByDepth[6].Summary.Size,1380418887
TopByDepth[7].Owner,0x9f13f88230a70de90ed5fa41ba35a5fb78bc55d11cc9406f17d314fb67047ac7
TopByDepth[7].MaxDepth,11
TopByDepth[7].TotalNodes,31644458
TopByDepth[7].TotalSize,1155533317
TopByDepth[7].ValueNodes,13479548
TopByDepth[7].Levels[0].Short,0
TopByDepth[7].Levels[0].Full,1
TopByDepth[7].Levels[0].Value,0
TopByDepth[7].Levels[0].Size,532
TopByDepth[7].Levels[1].Short,0
TopByDepth[7].Levels[1].Full,16
TopByDepth[7].Levels[1].Value,0
TopByDepth[7].Levels[1].Size,8512
TopByDepth[7].Levels[2].Short,0
TopByDepth[7].Levels[2].Full,256
TopByDepth[7].Levels[2].Value,0
TopByDepth[7].Levels[2].Size,136192
TopByDepth[7].Levels[3].Short,0
TopByDepth[7].Levels[3].Full,4096
TopByDepth[7].Levels[3].Value,0
TopByDepth[7].Levels[3].Size,2179072
TopByDepth[7].Levels[4].Short,0
TopByDepth[7].Levels[4].Full,65536
TopByDepth[7].Levels[4].Value,0
TopByDepth[7].Levels[4].Size,34865024
TopByDepth[7].Levels[5].Short,53
TopByDepth[7].Levels[5].Full,1048519
TopByDepth[7].Levels[5].Value,0
TopByDepth[7].Levels[5].Size,317188579
TopByDepth[7].Levels[6].Short,6191214
TopByDepth[7].Levels[6].Full,3073737
TopByDepth[7].Levels[6].Value,31
TopByDepth[7].Levels[6].Size,508211064
TopByDepth[7].Levels[7].Short,6793397
TopByDepth[7].Levels[7].Full,316472
TopByDepth[7].Levels[7].Value,6037028
TopByDepth[7].Levels[7].Size,269215416
TopByDepth[7].Levels[8].Short,636473
TopByDepth[7].Levels[8].Full,11643
TopByDepth[7].Levels[8].Value,6782650
TopByDepth[7].Levels[8].Size,23324074
TopByDepth[7].Levels[9].Short,23299
TopByDepth[7].Levels[9].Full,66
TopByDepth[7].Levels[9].Value,636408
TopByDepth[7].Levels[9].Size,402875
TopByDepth[7].Levels[10].Short,132
TopByDepth[7].Levels[10].Full,0
TopByDepth[7].Levels[10].Value,23299
TopByDepth[7].Levels[10].Size,1977
TopByDepth[7].Levels[11].Short,0
TopByDepth[7].Levels[11].Full,0
TopByDepth[7].Levels[11].Value,132
TopByDepth[7].Levels[11].Size,0
TopByDepth[7].Summary.Short,13644568
TopByDepth[7].Summary.Full,4520342
TopByDepth[7].Summary.Value,13479548
TopByDepth[7].Summary.Size,1155533317
TopByDepth[8].Owner,0x13e5221b360b38b094f5ef662bb810422224e76ec7e30b88b81d8b7493399e0c
TopByDepth[8].MaxDepth,11
TopByDepth[8].TotalNodes,25313379
TopByDepth[8].TotalSize,1073040002
TopByDepth[8].ValueNodes,10836537
TopByDepth[8].Levels[0].Short,0
TopByDepth[8].Levels[0].Full,1
TopByDepth[8].Levels[0].Value,0
TopByDepth[8].Levels[0].Size,532
TopByDepth[8].Levels[1].Short,0
TopByDepth[8].Levels[1].Full,16
TopByDepth[8].Levels[1].Value,0
TopByDepth[8].Levels[1].Size,8512
TopByDepth[8].Levels[2].Short,0
TopByDepth[8].Levels[2].Full,256
TopByDepth[8].Levels[2].Value,0
TopByDepth[8].Levels[2].Size,136192
TopByDepth[8].Levels[3].Short,0
TopByDepth[8].Levels[3].Full,4096
TopByDepth[8].Levels[3].Value,0
TopByDepth[8].Levels[3].Size,2179072
TopByDepth[8].Levels[4].Short,0
TopByDepth[8].Levels[4].Full,65536
TopByDepth[8].Levels[4].Value,0
TopByDepth[8].Levels[4].Size,34864160
TopByDepth[8].Levels[5].Short,477
TopByDepth[8].Levels[5].Full,1048068
TopByDepth[8].Levels[5].Value,0
TopByDepth[8].Levels[5].Size,275891002
TopByDepth[8].Levels[6].Short,5795341
TopByDepth[8].Levels[6].Full,2186346
TopByDepth[8].Levels[6].Value,347
TopByDepth[8].Levels[6].Size,486769270
TopByDepth[8].Levels[7].Short,4734129
TopByDepth[8].Levels[7].Full,206990
TopByDepth[8].Levels[7].Value,5679182
TopByDepth[8].Levels[7].Size,251449533
TopByDepth[8].Levels[8].Short,415865
TopByDepth[8].Levels[8].Full,6534
TopByDepth[8].Levels[8].Value,4728034
TopByDepth[8].Levels[8].Size,21101351
TopByDepth[8].Levels[9].Short,13070
TopByDepth[8].Levels[9].Full,39
TopByDepth[8].Levels[9].Value,415826
TopByDepth[8].Levels[9].Size,636649
TopByDepth[8].Levels[10].Short,78
TopByDepth[8].Levels[10].Full,0
TopByDepth[8].Levels[10].Value,13070
TopByDepth[8].Levels[10].Size,3729
TopByDepth[8].Levels[11].Short,0
TopByDepth[8].Levels[11].Full,0
TopByDepth[8].Levels[11].Value,78
TopByDepth[8].Levels[11].Size,0
TopByDepth[8].Summary.Short,10958960
TopByDepth[8].Summary.Full,3517882
TopByDepth[8].Summary.Value,10836537
TopByDepth[8].Summary.Size,1073040002
TopByDepth[9].Owner,0x0e02bb4c5c6c512892c34cffc6369ae45919899a5dc7dd321d3351e4f803300f
TopByDepth[9].MaxDepth,11
TopByDepth[9].TotalNodes,23307994
TopByDepth[9].TotalSize,907044011
TopByDepth[9].ValueNodes,9991466
TopByDepth[9].Levels[0].Short,0
TopByDepth[9].Levels[0].Full,1
TopByDepth[9].Levels[0].Value,0
TopByDepth[9].Levels[0].Size,532
TopByDepth[9].Levels[1].Short,0
TopByDepth[9].Levels[1].Full,16
TopByDepth[9].Levels[1].Value,0
TopByDepth[9].Levels[1].Size,8512
TopByDepth[9].Levels[2].Short,0
TopByDepth[9].Levels[2].Full,256
TopByDepth[9].Levels[2].Value,0
TopByDepth[9].Levels[2].Size,136192
TopByDepth[9].Levels[3].Short,0
TopByDepth[9].Levels[3].Full,4096
TopByDepth[9].Levels[3].Value,0
TopByDepth[9].Levels[3].Size,2179072
TopByDepth[9].Levels[4].Short,0
TopByDepth[9].Levels[4].Full,65536
TopByDepth[9].Levels[4].Value,0
TopByDepth[9].Levels[4].Size,34863040
TopByDepth[9].Levels[5].Short,1007
TopByDepth[9].Levels[5].Full,1047503
TopByDepth[9].Levels[5].Value,0
TopByDepth[9].Levels[5].Size,261258555
TopByDepth[9].Levels[6].Short,5610514
TopByDepth[9].Levels[6].Full,1916687
TopByDepth[9].Levels[6].Value,731
TopByDepth[9].Levels[6].Size,407766466
TopByDepth[9].Levels[7].Short,4123680
TopByDepth[9].Levels[7].Full,176707
TopByDepth[9].Levels[7].Value,5506495
TopByDepth[9].Levels[7].Size,185368903
TopByDepth[9].Levels[8].Short,354951
TopByDepth[9].Levels[8].Full,5161
TopByDepth[9].Levels[8].Value,4118936
TopByDepth[9].Levels[8].Size,15068473
TopByDepth[9].Levels[9].Short,10323
TopByDepth[9].Levels[9].Full,30
TopByDepth[9].Levels[9].Value,354921
TopByDepth[9].Levels[9].Size,391811
TopByDepth[9].Levels[10].Short,60
TopByDepth[9].Levels[10].Full,0
TopByDepth[9].Levels[10].Value,10323
TopByDepth[9].Levels[10].Size,2455
TopByDepth[9].Levels[11].Short,0
TopByDepth[9].Levels[11].Full,0
TopByDepth[9].Levels[11].Value,60
TopByDepth[9].Levels[11].Size,0
TopByDepth[9].Summary.Short,10100535
TopByDepth[9].Summary.Full,3215993
TopByDepth[9].Summary.Value,9991466
TopByDepth[9].Summary.Size,907044011
TopByTotalNodes[0].Owner,0x159e4890cde46d5cadbfcd08a052f495ae791244728e06d910cc743ed05eae12
TopByTotalNodes[0].MaxDepth,13
TopByTotalNodes[0].TotalNodes,368838217
TopByTotalNodes[0].TotalSize,13935503027
TopByTotalNodes[0].ValueNodes,158135051
TopByTotalNodes[0].Levels[0].Short,0
TopByTotalNodes[0].Levels[0].Full,1
TopByTotalNodes[0].Levels[0].Value,0
TopByTotalNodes[0].Levels[0].Size,532
TopByTotalNodes[0].Levels[1].Short,0
TopByTotalNodes[0].Levels[1].Full,16
TopByTotalNodes[0].Levels[1].Value,0
TopByTotalNodes[0].Levels[1].Size,8512
TopByTotalNodes[0].Levels[2].Short,0
TopByTotalNodes[0].Levels[2].Full,256
TopByTotalNodes[0].Levels[2].Value,0
TopByTotalNodes[0].Levels[2].Size,136192
TopByTotalNodes[0].Levels[3].Short,0
TopByTotalNodes[0].Levels[3].Full,4096
TopByTotalNodes[0].Levels[3].Value,0
TopByTotalNodes[0].Levels[3].Size,2179072
TopByTotalNodes[0].Levels[4].Short,0
TopByTotalNodes[0].Levels[4].Full,65536
TopByTotalNodes[0].Levels[4].Value,0
TopByTotalNodes[0].Levels[4].Size,34865152
TopByTotalNodes[0].Levels[5].Short,0
TopByTotalNodes[0].Levels[5].Full,1048576
TopByTotalNodes[0].Levels[5].Value,0
TopByTotalNodes[0].Levels[5].Size,557799072
TopByTotalNodes[0].Levels[6].Short,17287
TopByTotalNodes[0].Levels[6].Full,16758574
TopByTotalNodes[0].Levels[6].Value,0
TopByTotalNodes[0].Levels[6].Size,4149520834
TopByTotalNodes[0].Levels[7].Short,89355816
TopByTotalNodes[0].Levels[7].Full,30128846
TopByTotalNodes[0].Levels[7].Value,12689
TopByTotalNodes[0].Levels[7].Size,6189321670
TopByTotalNodes[0].Levels[8].Short,64759082
TopByTotalNodes[0].Levels[8].Full,2767026
TopByTotalNodes[0].Levels[8].Value,87720087
TopByTotalNodes[0].Levels[8].Size,2777758594
TopByTotalNodes[0].Levels[9].Short,5557055
TopByTotalNodes[0].Levels[9].Full,79923
TopByTotalNodes[0].Levels[9].Value,64684927
TopByTotalNodes[0].Levels[9].Size,217782416
TopByTotalNodes[0].Levels[10].Short,159888
TopByTotalNodes[0].Levels[10].Full,395
TopByTotalNodes[0].Levels[10].Value,5556669
TopByTotalNodes[0].Levels[10].Size,6101505
TopByTotalNodes[0].Levels[11].Short,790
TopByTotalNodes[0].Levels[11].Full,1
TopByTotalNodes[0].Levels[11].Value,159887
TopByTotalNodes[0].Levels[11].Size,29410
TopByTotalNodes[0].Levels[12].Short,2
TopByTotalNodes[0].Levels[12].Full,0
TopByTotalNodes[0].Levels[12].Value,790
TopByTotalNodes[0].Levels[12].Size,66
TopByTotalNodes[0].Levels[13].Short,0
TopByTotalNodes[0].Levels[13].Full,0
TopByTotalNodes[0].Levels[13].Value,2
TopByTotalNodes[0].Levels[13].Size,0
TopByTotalNodes[0].Summary.Short,159849920
TopByTotalNodes[0].Summary.Full,50853246
TopByTotalNodes[0].Summary.Value,158135051
TopByTotalNodes[0].Summary.Size,13935503027
TopByTotalNodes[1].Owner,0xab14d68802a763f7db875346d03fbf86f137de55814b191c069e721f47474733
TopByTotalNodes[1].MaxDepth,12
TopByTotalNodes[1].TotalNodes,55677353
TopByTotalNodes[1].TotalSize,2271310158
TopByTotalNodes[1].ValueNodes,23370766
TopByTotalNodes[1].Levels[0].Short,0
TopByTotalNodes[1].Levels[0].Full,1
TopByTotalNodes[1].Levels[0].Value,0
TopByTotalNodes[1].Levels[0].Size,532
TopByTotalNodes[1].Levels[1].Short,0
TopByTotalNodes[1].Levels[1].Full,16
TopByTotalNodes[1].Levels[1].Value,0
TopByTotalNodes[1].Levels[1].Size,8512
TopByTotalNodes[1].Levels[2].Short,0
TopByTotalNodes[1].Levels[2].Full,256
TopByTotalNodes[1].Levels[2].Value,0
TopByTotalNodes[1].Levels[2].Size,136192
TopByTotalNodes[1].Levels[3].Short,0
TopByTotalNodes[1].Levels[3].Full,4096
TopByTotalNodes[1].Levels[3].Value,0
TopByTotalNodes[1].Levels[3].Size,2179072
TopByTotalNodes[1].Levels[4].Short,0
TopByTotalNodes[1].Levels[4].Full,65536
TopByTotalNodes[1].Levels[4].Value,0
TopByTotalNodes[1].Levels[4].Size,34865152
TopByTotalNodes[1].Levels[5].Short,0
TopByTotalNodes[1].Levels[5].Full,1048576
TopByTotalNodes[1].Levels[5].Value,0
TopByTotalNodes[1].Levels[5].Size,424538255
TopByTotalNodes[1].Levels[6].Short,6065075
TopByTotalNodes[1].Levels[6].Full,6546621
TopByTotalNodes[1].Levels[6].Value,0
TopByTotalNodes[1].Levels[6].Size,926176651
TopByTotalNodes[1].Levels[7].Short,15656712
TopByTotalNodes[1].Levels[7].Full,919442
TopByTotalNodes[1].Levels[7].Value,5804287
TopByTotalNodes[1].Levels[7].Size,790810953
TopByTotalNodes[1].Levels[8].Short,1857401
TopByTotalNodes[1].Levels[8].Full,47275
TopByTotalNodes[1].Levels[8].Value,15614124
TopByTotalNodes[1].Levels[8].Size,88509261
TopByTotalNodes[1].Levels[9].Short,94626
TopByTotalNodes[1].Levels[9].Full,317
TopByTotalNodes[1].Levels[9].Value,1857094
TopByTotalNodes[1].Levels[9].Size,4058476
TopByTotalNodes[1].Levels[10].Short,634
TopByTotalNodes[1].Levels[10].Full,1
TopByTotalNodes[1].Levels[10].Value,94625
TopByTotalNodes[1].Levels[10].Size,27025
TopByTotalNodes[1].Levels[11].Short,2
TopByTotalNodes[1].Levels[11].Full,0
TopByTotalNodes[1].Levels[11].Value,634
TopByTotalNodes[1].Levels[11].Size,77
TopByTotalNodes[1].Levels[12].Short,0
TopByTotalNodes[1].Levels[12].Full,0
TopByTotalNodes[1].Levels[12].Value,2
TopByTotalNodes[1].Levels[12].Size,0
TopByTotalNodes[1].Summary.Short,23674450
TopByTotalNodes[1].Summary.Full,8632137
TopByTotalNodes[1].Summary.Value,23370766
TopByTotalNodes[1].Summary.Size,2271310158
TopByTotalNodes[2].Owner,0xfe1c2c3bf003e59420de2a964984544a947ac6de636a2dedb89b689ab278b65e
TopByTotalNodes[2].MaxDepth,12
TopByTotalNodes[2].TotalNodes,49103718
TopByTotalNodes[2].TotalSize,1969261801
TopByTotalNodes[2].ValueNodes,20669980
TopByTotalNodes[2].Levels[0].Short,0
TopByTotalNodes[2].Levels[0].Full,1
TopByTotalNodes[2].Levels[0].Value,0
TopByTotalNodes[2].Levels[0].Size,532
TopByTotalNodes[2].Levels[1].Short,0
TopByTotalNodes[2].Levels[1].Full,16
TopByTotalNodes[2].Levels[1].Value,0
TopByTotalNodes[2].Levels[1].Size,8512
TopByTotalNodes[2].Levels[2].Short,0
TopByTotalNodes[2].Levels[2].Full,256
TopByTotalNodes[2].Levels[2].Value,0
TopByTotalNodes[2].Levels[2].Size,136192
TopByTotalNodes[2].Levels[3].Short,0
TopByTotalNodes[2].Levels[3].Full,4096
TopByTotalNodes[2].Levels[3].Value,0
TopByTotalNodes[2].Levels[3].Size,2179072
TopByTotalNodes[2].Levels[4].Short,0
TopByTotalNodes[2].Levels[4].Full,65536
TopByTotalNodes[2].Levels[4].Value,0
TopByTotalNodes[2].Levels[4].Size,34865152
TopByTotalNodes[2].Levels[5].Short,0
TopByTotalNodes[2].Levels[5].Full,1048576
TopByTotalNodes[2].Levels[5].Value,0
TopByTotalNodes[2].Levels[5].Size,401209317
TopByTotalNodes[2].Levels[6].Short,6267732
TopByTotalNodes[2].Levels[6].Full,5615397
TopByTotalNodes[2].Levels[6].Value,0
TopByTotalNodes[2].Levels[6].Size,822731193
TopByTotalNodes[2].Levels[7].Short,13139844
TopByTotalNodes[2].Levels[7].Full,724942
TopByTotalNodes[2].Levels[7].Value,6029426
TopByTotalNodes[2].Levels[7].Size,639081598
TopByTotalNodes[2].Levels[8].Short,1462537
TopByTotalNodes[2].Levels[8].Full,34685
TopByTotalNodes[2].Levels[8].Value,13108360
TopByTotalNodes[2].Levels[8].Size,66861568
TopByTotalNodes[2].Levels[9].Short,69407
TopByTotalNodes[2].Levels[9].Full,236
TopByTotalNodes[2].Levels[9].Value,1462313
TopByTotalNodes[2].Levels[9].Size,2172955
TopByTotalNodes[2].Levels[10].Short,471
TopByTotalNodes[2].Levels[10].Full,2
TopByTotalNodes[2].Levels[10].Value,69406
TopByTotalNodes[2].Levels[10].Size,15557
TopByTotalNodes[2].Levels[11].Short,4
TopByTotalNodes[2].Levels[11].Full,0
TopByTotalNodes[2].Levels[11].Value,471
TopByTotalNodes[2].Levels[11].Size,153
TopByTotalNodes[2].Levels[12].Short,0
TopByTotalNodes[2].Levels[12].Full,0
TopByTotalNodes[2].Levels[12].Value,4
TopByTotalNodes[2].Levels[12].Size,0
TopByTotalNodes[2].Summary.Short,20939995
TopByTotalNodes[2].Summary.Full,7493743
TopByTotalNodes[2].Summary.Value,20669980
TopByTotalNodes[2].Summary.Size,1969261801
TopByTotalNodes[3].Owner,0x1ff0800a6e13bdcaff61b95238167ef377e01ba97f832b3f9c149aad1d9f6a21
TopByTotalNodes[3].MaxDepth,12
TopByTotalNodes[3].TotalNodes,41595415
TopByTotalNodes[3].TotalSize,1917312891
TopByTotalNodes[3].ValueNodes,17585359
TopByTotalNodes[3].Levels[0].Short,0
TopByTotalNodes[3].Levels[0].Full,1
TopByTotalNodes[3].Levels[0].Value,0
TopByTotalNodes[3].Levels[0].Size,532
TopByTotalNodes[3].Levels[1].Short,0
TopByTotalNodes[3].Levels[1].Full,16
TopByTotalNodes[3].Levels[1].Value,0
TopByTotalNodes[3].Levels[1].Size,8512
TopByTotalNodes[3].Levels[2].Short,0
TopByTotalNodes[3].Levels[2].Full,256
TopByTotalNodes[3].Levels[2].Value,0
TopByTotalNodes[3].Levels[2].Size,136192
TopByTotalNodes[3].Levels[3].Short,0
TopByTotalNodes[3].Levels[3].Full,4096
TopByTotalNodes[3].Levels[3].Value,0
TopByTotalNodes[3].Levels[3].Size,2179072
TopByTotalNodes[3].Levels[4].Short,0
TopByTotalNodes[3].Levels[4].Full,65536
TopByTotalNodes[3].Levels[4].Value,0
TopByTotalNodes[3].Levels[4].Size,34865152
TopByTotalNodes[3].Levels[5].Short,2
TopByTotalNodes[3].Levels[5].Full,1048574
TopByTotalNodes[3].Levels[5].Value,0
TopByTotalNodes[3].Levels[5].Size,369617080
TopByTotalNodes[3].Levels[6].Short,6371905
TopByTotalNodes[3].Levels[6].Full,4525479
TopByTotalNodes[3].Levels[6].Value,1
TopByTotalNodes[3].Levels[6].Size,799075182
TopByTotalNodes[3].Levels[7].Short,10327614
TopByTotalNodes[3].Levels[7].Full,529444
TopByTotalNodes[3].Levels[7].Value,6165389
TopByTotalNodes[3].Levels[7].Size,644861778
TopByTotalNodes[3].Levels[8].Short,1066872
TopByTotalNodes[3].Levels[8].Full,23285
TopByTotalNodes[3].Levels[8].Value,10306373
TopByTotalNodes[3].Levels[8].Size,63943040
TopByTotalNodes[3].Levels[9].Short,46592
TopByTotalNodes[3].Levels[9].Full,127
TopByTotalNodes[3].Levels[9].Value,1066749
TopByTotalNodes[3].Levels[9].Size,2612170
TopByTotalNodes[3].Levels[10].Short,254
TopByTotalNodes[3].Levels[10].Full,1
TopByTotalNodes[3].Levels[10].Value,46591
TopByTotalNodes[3].Levels[10].Size,14063
TopByTotalNodes[3].Levels[11].Short,2
TopByTotalNodes[3].Levels[11].Full,0
TopByTotalNodes[3].Levels[11].Value,254
TopByTotalNodes[3].Levels[11].Size,118
TopByTotalNodes[3].Levels[12].Short,0
TopByTotalNodes[3].Levels[12].Full,0
TopByTotalNodes[3].Levels[12].Value,2
TopByTotalNodes[3].Levels[12].Size,0
TopByTotalNodes[3].Summary.Short,17813241
TopByTotalNodes[3].Summary.Full,6196815
TopByTotalNodes[3].Summary.Value,17585359
TopByTotalNodes[3].Summary.Size,1917312891
TopByTotalNodes[4].Owner,0xfbd1592b616670c3c966b8ed9942aecdb2b25ab10837f7d1c8d1e66c10f243a8
TopByTotalNodes[4].MaxDepth,11
TopByTotalNodes[4].TotalNodes,38458576
TopByTotalNodes[4].TotalSize,1616061715
TopByTotalNodes[4].ValueNodes,16294950
TopByTotalNodes[4].Levels[0].Short,0
TopByTotalNodes[4].Levels[0].Full,1
TopByTotalNodes[4].Levels[0].Value,0
TopByTotalNodes[4].Levels[0].Size,532
TopByTotalNodes[4].Levels[1].Short,0
TopByTotalNodes[4].Levels[1].Full,16
TopByTotalNodes[4].Levels[1].Value,0
TopByTotalNodes[4].Levels[1].Size,8512
TopByTotalNodes[4].Levels[2].Short,0
TopByTotalNodes[4].Levels[2].Full,256
TopByTotalNodes[4].Levels[2].Value,0
TopByTotalNodes[4].Levels[2].Size,136192
TopByTotalNodes[4].Levels[3].Short,0
TopByTotalNodes[4].Levels[3].Full,4096
TopByTotalNodes[4].Levels[3].Value,0
TopByTotalNodes[4].Levels[3].Size,2179072
TopByTotalNodes[4].Levels[4].Short,0
TopByTotalNodes[4].Levels[4].Full,65536
TopByTotalNodes[4].Levels[4].Value,0
TopByTotalNodes[4].Levels[4].Size,34865152
TopByTotalNodes[4].Levels[5].Short,5
TopByTotalNodes[4].Levels[5].Full,1048571
TopByTotalNodes[4].Levels[5].Value,0
TopByTotalNodes[4].Levels[5].Size,354463093
TopByTotalNodes[4].Levels[6].Short,6360174
TopByTotalNodes[4].Levels[6].Full,4064900
TopByTotalNodes[4].Levels[6].Value,2
TopByTotalNodes[4].Levels[6].Size,692181714
TopByTotalNodes[4].Levels[7].Short,9183865
TopByTotalNodes[4].Levels[7].Full,457381
TopByTotalNodes[4].Levels[7].Value,6169098
TopByTotalNodes[4].Levels[7].Size,484094359
TopByTotalNodes[4].Levels[8].Short,921186
TopByTotalNodes[4].Levels[8].Full,19095
TopByTotalNodes[4].Levels[8].Value,9166338
TopByTotalNodes[4].Levels[8].Size,46301444
TopByTotalNodes[4].Levels[9].Short,38214
TopByTotalNodes[4].Levels[9].Full,110
TopByTotalNodes[4].Levels[9].Value,921078
TopByTotalNodes[4].Levels[9].Size,1820989
TopByTotalNodes[4].Levels[10].Short,220
TopByTotalNodes[4].Levels[10].Full,0
TopByTotalNodes[4].Levels[10].Value,38214
TopByTotalNodes[4].Levels[10].Size,10656
TopByTotalNodes[4].Levels[11].Short,0
TopByTotalNodes[4].Levels[11].Full,0
TopByTotalNodes[4].Levels[11].Value,220
TopByTotalNodes[4].Levels[11].Size,0
TopByTotalNodes[4].Summary.Short,16503664
TopByTotalNodes[4].Summary.Full,5659962
TopByTotalNodes[4].Summary.Value,16294950
TopByTotalNodes[4].Summary.Size,1616061715
TopByTotalNodes[5].Owner,0x4e6f19bdf5c8f4aa5e46a382f33fbed981bd7d93c25885c5ecdabfdc102f8b67
TopByTotalNodes[5].MaxDepth,11
TopByTotalNodes[5].TotalNodes,37088457
TopByTotalNodes[5].TotalSize,1295758567
TopByTotalNodes[5].ValueNodes,15731344
TopByTotalNodes[5].Levels[0].Short,0
TopByTotalNodes[5].Levels[0].Full,1
TopByTotalNodes[5].Levels[0].Value,0
TopByTotalNodes[5].Levels[0].Size,532
TopByTotalNodes[5].Levels[1].Short,0
TopByTotalNodes[5].Levels[1].Full,16
TopByTotalNodes[5].Levels[1].Value,0
TopByTotalNodes[5].Levels[1].Size,8512
TopByTotalNodes[5].Levels[2].Short,0
TopByTotalNodes[5].Levels[2].Full,256
TopByTotalNodes[5].Levels[2].Value,0
TopByTotalNodes[5].Levels[2].Size,136192
TopByTotalNodes[5].Levels[3].Short,0
TopByTotalNodes[5].Levels[3].Full,4096
TopByTotalNodes[5].Levels[3].Value,0
TopByTotalNodes[5].Levels[3].Size,2179072
TopByTotalNodes[5].Levels[4].Short,0
TopByTotalNodes[5].Levels[4].Full,65536
TopByTotalNodes[5].Levels[4].Value,0
TopByTotalNodes[5].Levels[4].Size,34865152
TopByTotalNodes[5].Levels[5].Short,10
TopByTotalNodes[5].Levels[5].Full,1048566
TopByTotalNodes[5].Levels[5].Value,0
TopByTotalNodes[5].Levels[5].Size,347529764
TopByTotalNodes[5].Levels[6].Short,6345221
TopByTotalNodes[5].Levels[6].Full,3863872
TopByTotalNodes[5].Levels[6].Value,8
TopByTotalNodes[5].Levels[6].Size,569109949
TopByTotalNodes[5].Levels[7].Short,8691579
TopByTotalNodes[5].Levels[7].Full,426616
TopByTotalNodes[5].Levels[7].Value,6161871
TopByTotalNodes[5].Levels[7].Size,313774813
TopByTotalNodes[5].Levels[8].Short,858975
TopByTotalNodes[5].Levels[8].Full,17359
TopByTotalNodes[5].Levels[8].Value,8675664
TopByTotalNodes[5].Levels[8].Size,28147240
TopByTotalNodes[5].Levels[9].Short,34731
TopByTotalNodes[5].Levels[9].Full,93
TopByTotalNodes[5].Levels[9].Value,858884
TopByTotalNodes[5].Levels[9].Size,7341
TopByTotalNodes[5].Levels[10].Short,186
TopByTotalNodes[5].Levels[10].Full,0
TopByTotalNodes[5].Levels[10].Value,34731
TopByTotalNodes[5].Levels[10].Size,0
TopByTotalNodes[5].Levels[11].Short,0
TopByTotalNodes[5].Levels[11].Full,0
TopByTotalNodes[5].Levels[11].Value,186
TopByTotalNodes[5].Levels[11].Size,0
TopByTotalNodes[5].Summary.Short,15930702
TopByTotalNodes[5].Summary.Full,5426411
TopByTotalNodes[5].Summary.Value,15731344
TopByTotalNodes[5].Summary.Size,1295758567
TopByTotalNodes[6].Owner,0x7b5855bb92cd7f3f78137497df02f6ccb9badda93d9782e0f230c807ba728be0
TopByTotalNodes[6].MaxDepth,11
TopByTotalNodes[6].TotalNodes,33421948
TopByTotalNodes[6].TotalSize,1380418887
TopByTotalNodes[6].ValueNodes,14216760
TopByTotalNodes[6].Levels[0].Short,0
TopByTotalNodes[6].Levels[0].Full,1
TopByTotalNodes[6].Levels[0].Value,0
TopByTotalNodes[6].Levels[0].Size,532
TopByTotalNodes[6].Levels[1].Short,0
TopByTotalNodes[6].Levels[1].Full,16
TopByTotalNodes[6].Levels[1].Value,0
TopByTotalNodes[6].Levels[1].Size,8512
TopByTotalNodes[6].Levels[2].Short,0
TopByTotalNodes[6].Levels[2].Full,256
TopByTotalNodes[6].Levels[2].Value,0
TopByTotalNodes[6].Levels[2].Size,136192
TopByTotalNodes[6].Levels[3].Short,0
TopByTotalNodes[6].Levels[3].Full,4096
TopByTotalNodes[6].Levels[3].Value,0
TopByTotalNodes[6].Levels[3].Size,2179072
TopByTotalNodes[6].Levels[4].Short,0
TopByTotalNodes[6].Levels[4].Full,65536
TopByTotalNodes[6].Levels[4].Value,0
TopByTotalNodes[6].Levels[4].Size,34865088
TopByTotalNodes[6].Levels[5].Short,34
TopByTotalNodes[6].Levels[5].Full,1048540
TopByTotalNodes[6].Levels[5].Value,0
TopByTotalNodes[6].Levels[5].Size,327616384
TopByTotalNodes[6].Levels[6].Short,6259463
TopByTotalNodes[6].Levels[6].Full,3329797
TopByTotalNodes[6].Levels[6].Value,22
TopByTotalNodes[6].Levels[6].Size,603947715
TopByTotalNodes[6].Levels[7].Short,7400748
TopByTotalNodes[6].Levels[7].Full,350905
TopByTotalNodes[6].Levels[7].Value,6095657
TopByTotalNodes[6].Levels[7].Size,376405477
TopByTotalNodes[6].Levels[8].Short,705939
TopByTotalNodes[6].Levels[8].Full,13213
TopByTotalNodes[6].Levels[8].Value,7388631
TopByTotalNodes[6].Levels[8].Size,34130854
TopByTotalNodes[6].Levels[9].Short,26443
TopByTotalNodes[6].Levels[9].Full,67
TopByTotalNodes[6].Levels[9].Value,705873
TopByTotalNodes[6].Levels[9].Size,1123445
TopByTotalNodes[6].Levels[10].Short,134
TopByTotalNodes[6].Levels[10].Full,0
TopByTotalNodes[6].Levels[10].Value,26443
TopByTotalNodes[6].Levels[10].Size,5616
TopByTotalNodes[6].Levels[11].Short,0
TopByTotalNodes[6].Levels[11].Full,0
TopByTotalNodes[6].Levels[11].Value,134
TopByTotalNodes[6].Levels[11].Size,0
TopByTotalNodes[6].Summary.Short,14392761
TopByTotalNodes[6].Summary.Full,4812427
TopByTotalNodes[6].Summary.Value,14216760
TopByTotalNodes[6].Summary.Size,1380418887
TopByTotalNodes[7].Owner,0x9f13f88230a70de90ed5fa41ba35a5fb78bc55d11cc9406f17d314fb67047ac7
TopByTotalNodes[7].MaxDepth,11
TopByTotalNodes[7].TotalNodes,31644458
TopByTotalNodes[7].TotalSize,1155533317
TopByTotalNodes[7].ValueNodes,13479548
TopByTotalNodes[7].Levels[0].Short,0
TopByTotalNodes[7].Levels[0].Full,1
TopByTotalNodes[7].Levels[0].Value,0
TopByTotalNodes[7].Levels[0].Size,532
TopByTotalNodes[7].Levels[1].Short,0
TopByTotalNodes[7].Levels[1].Full,16
TopByTotalNodes[7].Levels[1].Value,0
TopByTotalNodes[7].Levels[1].Size,8512
TopByTotalNodes[7].Levels[2].Short,0
TopByTotalNodes[7].Levels[2].Full,256
TopByTotalNodes[7].Levels[2].Value,0
TopByTotalNodes[7].Levels[2].Size,136192
TopByTotalNodes[7].Levels[3].Short,0
TopByTotalNodes[7].Levels[3].Full,4096
TopByTotalNodes[7].Levels[3].Value,0
TopByTotalNodes[7].Levels[3].Size,2179072
TopByTotalNodes[7].Levels[4].Short,0
TopByTotalNodes[7].Levels[4].Full,65536
TopByTotalNodes[7].Levels[4].Value,0
TopByTotalNodes[7].Levels[4].Size,34865024
TopByTotalNodes[7].Levels[5].Short,53
TopByTotalNodes[7].Levels[5].Full,1048519
TopByTotalNodes[7].Levels[5].Value,0
TopByTotalNodes[7].Levels[5].Size,317188579
TopByTotalNodes[7].Levels[6].Short,6191214
TopByTotalNodes[7].Levels[6].Full,3073737
TopByTotalNodes[7].Levels[6].Value,31
TopByTotalNodes[7].Levels[6].Size,508211064
TopByTotalNodes[7].Levels[7].Short,6793397
TopByTotalNodes[7].Levels[7].Full,316472
TopByTotalNodes[7].Levels[7].Value,6037028
TopByTotalNodes[7].Levels[7].Size,269215416
TopByTotalNodes[7].Levels[8].Short,636473
TopByTotalNodes[7].Levels[8].Full,11643
TopByTotalNodes[7].Levels[8].Value,6782650
TopByTotalNodes[7].Levels[8].Size,23324074
TopByTotalNodes[7].Levels[9].Short,23299
TopByTotalNodes[7].Levels[9].Full,66
TopByTotalNodes[7].Levels[9].Value,636408
TopByTotalNodes[7].Levels[9].Size,402875
TopByTotalNodes[7].Levels[10].Short,132
TopByTotalNodes[7].Levels[10].Full,0
TopByTotalNodes[7].Levels[10].Value,23299
TopByTotalNodes[7].Levels[10].Size,1977
TopByTotalNodes[7].Levels[11].Short,0
TopByTotalNodes[7].Levels[11].Full,0
TopByTotalNodes[7].Levels[11].Value,132
TopByTotalNodes[7].Levels[11].Size,0
TopByTotalNodes[7].Summary.Short,13644568
TopByTotalNodes[7].Summary.Full,4520342
TopByTotalNodes[7].Summary.Value,13479548
TopByTotalNodes[7].Summary.Size,1155533317
TopByTotalNodes[8].Owner,0x13e5221b360b38b094f5ef662bb810422224e76ec7e30b88b81d8b7493399e0c
TopByTotalNodes[8].MaxDepth,11
TopByTotalNodes[8].TotalNodes,25313379
TopByTotalNodes[8].TotalSize,1073040002
TopByTotalNodes[8].ValueNodes,10836537
TopByTotalNodes[8].Levels[0].Short,0
TopByTotalNodes[8].Levels[0].Full,1
TopByTotalNodes[8].Levels[0].Value,0
TopByTotalNodes[8].Levels[0].Size,532
TopByTotalNodes[8].Levels[1].Short,0
TopByTotalNodes[8].Levels[1].Full,16
TopByTotalNodes[8].Levels[1].Value,0
TopByTotalNodes[8].Levels[1].Size,8512
TopByTotalNodes[8].Levels[2].Short,0
TopByTotalNodes[8].Levels[2].Full,256
TopByTotalNodes[8].Levels[2].Value,0
TopByTotalNodes[8].Levels[2].Size,136192
TopByTotalNodes[8].Levels[3].Short,0
TopByTotalNodes[8].Levels[3].Full,4096
TopByTotalNodes[8].Levels[3].Value,0
TopByTotalNodes[8].Levels[3].Size,2179072
TopByTotalNodes[8].Levels[4].Short,0
TopByTotalNodes[8].Levels[4].Full,65536
TopByTotalNodes[8].Levels[4].Value,0
TopByTotalNodes[8].Levels[4].Size,34864160
TopByTotalNodes[8].Levels[5].Short,477
TopByTotalNodes[8].Levels[5].Full,1048068
TopByTotalNodes[8].Levels[5].Value,0
TopByTotalNodes[8].Levels[5].Size,275891002
TopByTotalNodes[8].Levels[6].Short,5795341
TopByTotalNodes[8].Levels[6].Full,2186346
TopByTotalNodes[8].Levels[6].Value,347
TopByTotalNodes[8].Levels[6].Size,486769270
TopByTotalNodes[8].Levels[7].Short,4734129
TopByTotalNodes[8].Levels[7].Full,206990
TopByTotalNodes[8].Levels[7].Value,5679182
TopByTotalNodes[8].Levels[7].Size,251449533
TopByTotalNodes[8].Levels[8].Short,415865
TopByTotalNodes[8].Levels[8].Full,6534
TopByTotalNodes[8].Levels[8].Value,4728034
TopByTotalNodes[8].Levels[8].Size,21101351
TopByTotalNodes[8].Levels[9].Short,13070
TopByTotalNodes[8].Levels[9].Full,39
TopByTotalNodes[8].Levels[9].Value,415826
TopByTotalNodes[8].Levels[9].Size,636649
TopByTotalNodes[8].Levels[10].Short,78
TopByTotalNodes[8].Levels[10].Full,0
TopByTotalNodes[8].Levels[10].Value,13070
TopByTotalNodes[8].Levels[10].Size,3729
TopByTotalNodes[8].Levels[11].Short,0
TopByTotalNodes[8].Levels[11].Full,0
TopByTotalNodes[8].Levels[11].Value,78
TopByTotalNodes[8].Levels[11].Size,0
TopByTotalNodes[8].Summary.Short,10958960
TopByTotalNodes[8].Summary.Full,3517882
TopByTotalNodes[8].Summary.Value,10836537
TopByTotalNodes[8].Summary.Size,1073040002
TopByTotalNodes[9].Owner,0x0e02bb4c5c6c512892c34cffc6369ae45919899a5dc7dd321d3351e4f803300f
TopByTotalNodes[9].MaxDepth,11
TopByTotalNodes[9].TotalNodes,23307994
TopByTotalNodes[9].TotalSize,907044011
TopByTotalNodes[9].ValueNodes,9991466
TopByTotalNodes[9].Levels[0].Short,0
TopByTotalNodes[9].Levels[0].Full,1
TopByTotalNodes[9].Levels[0].Value,0
TopByTotalNodes[9].Levels[0].Size,532
TopByTotalNodes[9].Levels[1].Short,0
TopByTotalNodes[9].Levels[1].Full,16
TopByTotalNodes[9].Levels[1].Value,0
TopByTotalNodes[9].Levels[1].Size,8512
TopByTotalNodes[9].Levels[2].Short,0
TopByTotalNodes[9].Levels[2].Full,256
TopByTotalNodes[9].Levels[2].Value,0
TopByTotalNodes[9].Levels[2].Size,136192
TopByTotalNodes[9].Levels[3].Short,0
TopByTotalNodes[9].Levels[3].Full,4096
TopByTotalNodes[9].Levels[3].Value,0
TopByTotalNodes[9].Levels[3].Size,2179072
TopByTotalNodes[9].Levels[4].Short,0
TopByTotalNodes[9].Levels[4].Full,65536
TopByTotalNodes[9].Levels[4].Value,0
TopByTotalNodes[9].Levels[4].Size,34863040
TopByTotalNodes[9].Levels[5].Short,1007
TopByTotalNodes[9].Levels[5].Full,1047503
TopByTotalNodes[9].Levels[5].Value,0
TopByTotalNodes[9].Levels[5].Size,261258555
TopByTotalNodes[9].Levels[6].Short,5610514
TopByTotalNodes[9].Levels[6].Full,1916687
TopByTotalNodes[9].Levels[6].Value,731
TopByTotalNodes[9].Levels[6].Size,407766466
TopByTotalNodes[9].Levels[7].Short,4123680
TopByTotalNodes[9].Levels[7].Full,176707
TopByTotalNodes[9].Levels[7].Value,5506495
TopByTotalNodes[9].Levels[7].Size,185368903
TopByTotalNodes[9].Levels[8].Short,354951
TopByTotalNodes[9].Levels[8].Full,5161
TopByTotalNodes[9].Levels[8].Value,4118936
TopByTotalNodes[9].Levels[8].Size,15068473
TopByTotalNodes[9].Levels[9].Short,10323
TopByTotalNodes[9].Levels[9].Full,30
TopByTotalNodes[9].Levels[9].Value,354921
TopByTotalNodes[9].Levels[9].Size,391811
TopByTotalNodes[9].Levels[10].Short,60
TopByTotalNodes[9].Levels[10].Full,0
TopByTotalNodes[9].Levels[10].Value,10323
TopByTotalNodes[9].Levels[10].Size,2455
TopByTotalNodes[9].Levels[11].Short,0
TopByTotalNodes[9].Levels[11].Full,0
TopByTotalNodes[9].Levels[11].Value,60
TopByTotalNodes[9].Levels[11].Size,0
TopByTotalNodes[9].Summary.Short,10100535
TopByTotalNodes[9].Summary.Full,3215993
TopByTotalNodes[9].Summary.Value,9991466
TopByTotalNodes[9].Summary.Size,907044011
TopByValueNodes[0].Owner,0x159e4890cde46d5cadbfcd08a052f495ae791244728e06d910cc743ed05eae12
TopByValueNodes[0].MaxDepth,13
TopByValueNodes[0].TotalNodes,368838217
TopByValueNodes[0].TotalSize,13935503027
TopByValueNodes[0].ValueNodes,158135051
TopByValueNodes[0].Levels[0].Short,0
TopByValueNodes[0].Levels[0].Full,1
TopByValueNodes[0].Levels[0].Value,0
TopByValueNodes[0].Levels[0].Size,532
TopByValueNodes[0].Levels[1].Short,0
TopByValueNodes[0].Levels[1].Full,16
TopByValueNodes[0].Levels[1].Value,0
TopByValueNodes[0].Levels[1].Size,8512
TopByValueNodes[0].Levels[2].Short,0
TopByValueNodes[0].Levels[2].Full,256
TopByValueNodes[0].Levels[2].Value,0
TopByValueNodes[0].Levels[2].Size,136192
TopByValueNodes[0].Levels[3].Short,0
TopByValueNodes[0].Levels[3].Full,4096
TopByValueNodes[0].Levels[3].Value,0
TopByValueNodes[0].Levels[3].Size,2179072
TopByValueNodes[0].Levels[4].Short,0
TopByValueNodes[0].Levels[4].Full,65536
TopByValueNodes[0].Levels[4].Value,0
TopByValueNodes[0].Levels[4].Size,34865152
TopByValueNodes[0].Levels[5].Short,0
TopByValueNodes[0].Levels[5].Full,1048576
TopByValueNodes[0].Levels[5].Value,0
TopByValueNodes[0].Levels[5].Size,557799072
TopByValueNodes[0].Levels[6].Short,17287
TopByValueNodes[0].Levels[6].Full,16758574
TopByValueNodes[0].Levels[6].Value,0
TopByValueNodes[0].Levels[6].Size,4149520834
TopByValueNodes[0].Levels[7].Short,89355816
TopByValueNodes[0].Levels[7].Full,30128846
TopByValueNodes[0].Levels[7].Value,12689
TopByValueNodes[0].Levels[7].Size,6189321670
TopByValueNodes[0].Levels[8].Short,64759082
TopByValueNodes[0].Levels[8].Full,2767026
TopByValueNodes[0].Levels[8].Value,87720087
TopByValueNodes[0].Levels[8].Size,2777758594
TopByValueNodes[0].Levels[9].Short,5557055
TopByValueNodes[0].Levels[9].Full,79923
TopByValueNodes[0].Levels[9].Value,64684927
TopByValueNodes[0].Levels[9].Size,217782416
TopByValueNodes[0].Levels[10].Short,159888
TopByValueNodes[0].Levels[10].Full,395
TopByValueNodes[0].Levels[10].Value,5556669
TopByValueNodes[0].Levels[10].Size,6101505
TopByValueNodes[0].Levels[11].Short,790
TopByValueNodes[0].Levels[11].Full,1
TopByValueNodes[0].Levels[11].Value,159887
TopByValueNodes[0].Levels[11].Size,29410
TopByValueNodes[0].Levels[12].Short,2
TopByValueNodes[0].Levels[12].Full,0
TopByValueNodes[0].Levels[12].Value,790
TopByValueNodes[0].Levels[12].Size,66
TopByValueNodes[0].Levels[13].Short,0
TopByValueNodes[0].Levels[13].Full,0
TopByValueNodes[0].Levels[13].Value,2
TopByValueNodes[0].Levels[13].Size,0
TopByValueNodes[0].Summary.Short,159849920
TopByValueNodes[0].Summary.Full,50853246
TopByValueNodes[0].Summary.Value,158135051
TopByValueNodes[0].Summary.Size,13935503027
TopByValueNodes[1].Owner,0xab14d68802a763f7db875346d03fbf86f137de55814b191c069e721f47474733
TopByValueNodes[1].MaxDepth,12
TopByValueNodes[1].TotalNodes,55677353
TopByValueNodes[1].TotalSize,2271310158
TopByValueNodes[1].ValueNodes,23370766
TopByValueNodes[1].Levels[0].Short,0
TopByValueNodes[1].Levels[0].Full,1
TopByValueNodes[1].Levels[0].Value,0
TopByValueNodes[1].Levels[0].Size,532
TopByValueNodes[1].Levels[1].Short,0
TopByValueNodes[1].Levels[1].Full,16
TopByValueNodes[1].Levels[1].Value,0
TopByValueNodes[1].Levels[1].Size,8512
TopByValueNodes[1].Levels[2].Short,0
TopByValueNodes[1].Levels[2].Full,256
TopByValueNodes[1].Levels[2].Value,0
TopByValueNodes[1].Levels[2].Size,136192
TopByValueNodes[1].Levels[3].Short,0
TopByValueNodes[1].Levels[3].Full,4096
TopByValueNodes[1].Levels[3].Value,0
TopByValueNodes[1].Levels[3].Size,2179072
TopByValueNodes[1].Levels[4].Short,0
TopByValueNodes[1].Levels[4].Full,65536
TopByValueNodes[1].Levels[4].Value,0
TopByValueNodes[1].Levels[4].Size,34865152
TopByValueNodes[1].Levels[5].Short,0
TopByValueNodes[1].Levels[5].Full,1048576
TopByValueNodes[1].Levels[5].Value,0
TopByValueNodes[1].Levels[5].Size,424538255
TopByValueNodes[1].Levels[6].Short,6065075
TopByValueNodes[1].Levels[6].Full,6546621
TopByValueNodes[1].Levels[6].Value,0
TopByValueNodes[1].Levels[6].Size,926176651
TopByValueNodes[1].Levels[7].Short,15656712
TopByValueNodes[1].Levels[7].Full,919442
TopByValueNodes[1].Levels[7].Value,5804287
TopByValueNodes[1].Levels[7].Size,790810953
TopByValueNodes[1].Levels[8].Short,1857401
TopByValueNodes[1].Levels[8].Full,47275
TopByValueNodes[1].Levels[8].Value,15614124
TopByValueNodes[1].Levels[8].Size,88509261
TopByValueNodes[1].Levels[9].Short,94626
TopByValueNodes[1].Levels[9].Full,317
TopByValueNodes[1].Levels[9].Value,1857094
TopByValueNodes[1].Levels[9].Size,4058476
TopByValueNodes[1].Levels[10].Short,634
TopByValueNodes[1].Levels[10].Full,1
TopByValueNodes[1].Levels[10].Value,94625
TopByValueNodes[1].Levels[10].Size,27025
TopByValueNodes[1].Levels[11].Short,2
TopByValueNodes[1].Levels[11].Full,0
TopByValueNodes[1].Levels[11].Value,634
TopByValueNodes[1].Levels[11].Size,77
TopByValueNodes[1].Levels[12].Short,0
TopByValueNodes[1].Levels[12].Full,0
TopByValueNodes[1].Levels[12].Value,2
TopByValueNodes[1].Levels[12].Size,0
TopByValueNodes[1].Summary.Short,23674450
TopByValueNodes[1].Summary.Full,8632137
TopByValueNodes[1].Summary.Value,23370766
TopByValueNodes[1].Summary.Size,2271310158
TopByValueNodes[2].Owner,0xfe1c2c3bf003e59420de2a964984544a947ac6de636a2dedb89b689ab278b65e
TopByValueNodes[2].MaxDepth,12
TopByValueNodes[2].TotalNodes,49103718
TopByValueNodes[2].TotalSize,1969261801
TopByValueNodes[2].ValueNodes,20669980
TopByValueNodes[2].Levels[0].Short,0
TopByValueNodes[2].Levels[0].Full,1
TopByValueNodes[2].Levels[0].Value,0
TopByValueNodes[2].Levels[0].Size,532
TopByValueNodes[2].Levels[1].Short,0
TopByValueNodes[2].Levels[1].Full,16
TopByValueNodes[2].Levels[1].Value,0
TopByValueNodes[2].Levels[1].Size,8512
TopByValueNodes[2].Levels[2].Short,0
TopByValueNodes[2].Levels[2].Full,256
TopByValueNodes[2].Levels[2].Value,0
TopByValueNodes[2].Levels[2].Size,136192
TopByValueNodes[2].Levels[3].Short,0
TopByValueNodes[2].Levels[3].Full,4096
TopByValueNodes[2].Levels[3].Value,0
TopByValueNodes[2].Levels[3].Size,2179072
TopByValueNodes[2].Levels[4].Short,0
TopByValueNodes[2].Levels[4].Full,65536
TopByValueNodes[2].Levels[4].Value,0
TopByValueNodes[2].Levels[4].Size,34865152
TopByValueNodes[2].Levels[5].Short,0
TopByValueNodes[2].Levels[5].Full,1048576
TopByValueNodes[2].Levels[5].Value,0
TopByValueNodes[2].Levels[5].Size,401209317
TopByValueNodes[2].Levels[6].Short,6267732
TopByValueNodes[2].Levels[6].Full,5615397
TopByValueNodes[2].Levels[6].Value,0
TopByValueNodes[2].Levels[6].Size,822731193
TopByValueNodes[2].Levels[7].Short,13139844
TopByValueNodes[2].Levels[7].Full,724942
TopByValueNodes[2].Levels[7].Value,6029426
TopByValueNodes[2].Levels[7].Size,639081598
TopByValueNodes[2].Levels[8].Short,1462537
TopByValueNodes[2].Levels[8].Full,34685
TopByValueNodes[2].Levels[8].Value,13108360
TopByValueNodes[2].Levels[8].Size,66861568
TopByValueNodes[2].Levels[9].Short,69407
TopByValueNodes[2].Levels[9].Full,236
TopByValueNodes[2].Levels[9].Value,1462313
TopByValueNodes[2].Levels[9].Size,2172955
TopByValueNodes[2].Levels[10].Short,471
TopByValueNodes[2].Levels[10].Full,2
TopByValueNodes[2].Levels[10].Value,69406
TopByValueNodes[2].Levels[10].Size,15557
TopByValueNodes[2].Levels[11].Short,4
TopByValueNodes[2].Levels[11].Full,0
TopByValueNodes[2].Levels[11].Value,471
TopByValueNodes[2].Levels[11].Size,153
TopByValueNodes[2].Levels[12].Short,0
TopByValueNodes[2].Levels[12].Full,0
TopByValueNodes[2].Levels[12].Value,4
TopByValueNodes[2].Levels[12].Size,0
TopByValueNodes[2].Summary.Short,20939995
TopByValueNodes[2].Summary.Full,7493743
TopByValueNodes[2].Summary.Value,20669980
TopByValueNodes[2].Summary.Size,1969261801
TopByValueNodes[3].Owner,0x1ff0800a6e13bdcaff61b95238167ef377e01ba97f832b3f9c149aad1d9f6a21
TopByValueNodes[3].MaxDepth,12
TopByValueNodes[3].TotalNodes,41595415
TopByValueNodes[3].TotalSize,1917312891
TopByValueNodes[3].ValueNodes,17585359
TopByValueNodes[3].Levels[0].Short,0
TopByValueNodes[3].Levels[0].Full,1
TopByValueNodes[3].Levels[0].Value,0
TopByValueNodes[3].Levels[0].Size,532
TopByValueNodes[3].Levels[1].Short,0
TopByValueNodes[3].Levels[1].Full,16
TopByValueNodes[3].Levels[1].Value,0
TopByValueNodes[3].Levels[1].Size,8512
TopByValueNodes[3].Levels[2].Short,0
TopByValueNodes[3].Levels[2].Full,256
TopByValueNodes[3].Levels[2].Value,0
TopByValueNodes[3].Levels[2].Size,136192
TopByValueNodes[3].Levels[3].Short,0
TopByValueNodes[3].Levels[3].Full,4096
TopByValueNodes[3].Levels[3].Value,0
TopByValueNodes[3].Levels[3].Size,2179072
TopByValueNodes[3].Levels[4].Short,0
TopByValueNodes[3].Levels[4].Full,65536
TopByValueNodes[3].Levels[4].Value,0
TopByValueNodes[3].Levels[4].Size,34865152
TopByValueNodes[3].Levels[5].Short,2
TopByValueNodes[3].Levels[5].Full,1048574
TopByValueNodes[3].Levels[5].Value,0
TopByValueNodes[3].Levels[5].Size,369617080
TopByValueNodes[3].Levels[6].Short,6371905
TopByValueNodes[3].Levels[6].Full,4525479
TopByValueNodes[3].Levels[6].Value,1
TopByValueNodes[3].Levels[6].Size,799075182
TopByValueNodes[3].Levels[7].Short,10327614
TopByValueNodes[3].Levels[7].Full,529444
TopByValueNodes[3].Levels[7].Value,6165389
TopByValueNodes[3].Levels[7].Size,644861778
TopByValueNodes[3].Levels[8].Short,1066872
TopByValueNodes[3].Levels[8].Full,23285
TopByValueNodes[3].Levels[8].Value,10306373
TopByValueNodes[3].Levels[8].Size,63943040
TopByValueNodes[3].Levels[9].Short,46592
TopByValueNodes[3].Levels[9].Full,127
TopByValueNodes[3].Levels[9].Value,1066749
TopByValueNodes[3].Levels[9].Size,2612170
TopByValueNodes[3].Levels[10].Short,254
TopByValueNodes[3].Levels[10].Full,1
TopByValueNodes[3].Levels[10].Value,46591
TopByValueNodes[3].Levels[10].Size,14063
TopByValueNodes[3].Levels[11].Short,2
TopByValueNodes[3].Levels[11].Full,0
TopByValueNodes[3].Levels[11].Value,254
TopByValueNodes[3].Levels[11].Size,118
TopByValueNodes[3].Levels[12].Short,0
TopByValueNodes[3].Levels[12].Full,0
TopByValueNodes[3].Levels[12].Value,2
TopByValueNodes[3].Levels[12].Size,0
TopByValueNodes[3].Summary.Short,17813241
TopByValueNodes[3].Summary.Full,6196815
TopByValueNodes[3].Summary.Value,17585359
TopByValueNodes[3].Summary.Size,1917312891
TopByValueNodes[4].Owner,0xfbd1592b616670c3c966b8ed9942aecdb2b25ab10837f7d1c8d1e66c10f243a8
TopByValueNodes[4].MaxDepth,11
TopByValueNodes[4].TotalNodes,38458576
TopByValueNodes[4].TotalSize,1616061715
TopByValueNodes[4].ValueNodes,16294950
TopByValueNodes[4].Levels[0].Short,0
TopByValueNodes[4].Levels[0].Full,1
TopByValueNodes[4].Levels[0].Value,0
TopByValueNodes[4].Levels[0].Size,532
TopByValueNodes[4].Levels[1].Short,0
TopByValueNodes[4].Levels[1].Full,16
TopByValueNodes[4].Levels[1].Value,0
TopByValueNodes[4].Levels[1].Size,8512
TopByValueNodes[4].Levels[2].Short,0
TopByValueNodes[4].Levels[2].Full,256
TopByValueNodes[4].Levels[2].Value,0
TopByValueNodes[4].Levels[2].Size,136192
TopByValueNodes[4].Levels[3].Short,0
TopByValueNodes[4].Levels[3].Full,4096
TopByValueNodes[4].Levels[3].Value,0
TopByValueNodes[4].Levels[3].Size,2179072
TopByValueNodes[4].Levels[4].Short,0
TopByValueNodes[4].Levels[4].Full,65536
TopByValueNodes[4].Levels[4].Value,0
TopByValueNodes[4].Levels[4].Size,34865152
TopByValueNodes[4].Levels[5].Short,5
TopByValueNodes[4].Levels[5].Full,1048571
TopByValueNodes[4].Levels[5].Value,0
TopByValueNodes[4].Levels[5].Size,354463093
TopByValueNodes[4].Levels[6].Short,6360174
TopByValueNodes[4].Levels[6].Full,4064900
TopByValueNodes[4].Levels[6].Value,2
TopByValueNodes[4].Levels[6].Size,692181714
TopByValueNodes[4].Levels[7].Short,9183865
TopByValueNodes[4].Levels[7].Full,457381
TopByValueNodes[4].Levels[7].Value,6169098
TopByValueNodes[4].Levels[7].Size,484094359
TopByValueNodes[4].Levels[8].Short,921186
TopByValueNodes[4].Levels[8].Full,19095
TopByValueNodes[4].Levels[8].Value,9166338
TopByValueNodes[4].Levels[8].Size,46301444
TopByValueNodes[4].Levels[9].Short,38214
TopByValueNodes[4].Levels[9].Full,110
TopByValueNodes[4].Levels[9].Value,921078
TopByValueNodes[4].Levels[9].Size,1820989
TopByValueNodes[4].Levels[10].Short,220
TopByValueNodes[4].Levels[10].Full,0
TopByValueNodes[4].Levels[10].Value,38214
TopByValueNodes[4].Levels[10].Size,10656
TopByValueNodes[4].Levels[11].Short,0
TopByValueNodes[4].Levels[11].Full,0
TopByValueNodes[4].Levels[11].Value,220
TopByValueNodes[4].Levels[11].Size,0
TopByValueNodes[4].Summary.Short,16503664
TopByValueNodes[4].Summary.Full,5659962
TopByValueNodes[4].Summary.Value,16294950
TopByValueNodes[4].Summary.Size,1616061715
TopByValueNodes[5].Owner,0x4e6f19bdf5c8f4aa5e46a382f33fbed981bd7d93c25885c5ecdabfdc102f8b67
TopByValueNodes[5].MaxDepth,11
TopByValueNodes[5].TotalNodes,37088457
TopByValueNodes[5].TotalSize,1295758567
TopByValueNodes[5].ValueNodes,15731344
TopByValueNodes[5].Levels[0].Short,0
TopByValueNodes[5].Levels[0].Full,1
TopByValueNodes[5].Levels[0].Value,0
TopByValueNodes[5].Levels[0].Size,532
TopByValueNodes[5].Levels[1].Short,0
TopByValueNodes[5].Levels[1].Full,16
TopByValueNodes[5].Levels[1].Value,0
TopByValueNodes[5].Levels[1].Size,8512
TopByValueNodes[5].Levels[2].Short,0
TopByValueNodes[5].Levels[2].Full,256
TopByValueNodes[5].Levels[2].Value,0
TopByValueNodes[5].Levels[2].Size,136192
TopByValueNodes[5].Levels[3].Short,0
TopByValueNodes[5].Levels[3].Full,4096
TopByValueNodes[5].Levels[3].Value,0
TopByValueNodes[5].Levels[3].Size,2179072
TopByValueNodes[5].Levels[4].Short,0
TopByValueNodes[5].Levels[4].Full,65536
TopByValueNodes[5].Levels[4].Value,0
TopByValueNodes[5].Levels[4].Size,34865152
TopByValueNodes[5].Levels[5].Short,10
TopByValueNodes[5].Levels[5].Full,1048566
TopByValueNodes[5].Levels[5].Value,0
TopByValueNodes[5].Levels[5].Size,347529764
TopByValueNodes[5].Levels[6].Short,6345221
TopByValueNodes[5].Levels[6].Full,3863872
TopByValueNodes[5].Levels[6].Value,8
TopByValueNodes[5].Levels[6].Size,569109949
TopByValueNodes[5].Levels[7].Short,8691579
TopByValueNodes[5].Levels[7].Full,426616
TopByValueNodes[5].Levels[7].Value,6161871
TopByValueNodes[5].Levels[7].Size,313774813
TopByValueNodes[5].Levels[8].Short,858975
TopByValueNodes[5].Levels[8].Full,17359
TopByValueNodes[5].Levels[8].Value,8675664
TopByValueNodes[5].Levels[8].Size,28147240
TopByValueNodes[5].Levels[9].Short,34731
TopByValueNodes[5].Levels[9].Full,93
TopByValueNodes[5].Levels[9].Value,858884
TopByValueNodes[5].Levels[9].Size,7341
TopByValueNodes[5].Levels[10].Short,186
TopByValueNodes[5].Levels[10].Full,0
TopByValueNodes[5].Levels[10].Value,34731
TopByValueNodes[5].Levels[10].Size,0
TopByValueNodes[5].Levels[11].Short,0
TopByValueNodes[5].Levels[11].Full,0
TopByValueNodes[5].Levels[11].Value,186
TopByValueNodes[5].Levels[11].Size,0
TopByValueNodes[5].Summary.Short,15930702
TopByValueNodes[5].Summary.Full,5426411
TopByValueNodes[5].Summary.Value,15731344
TopByValueNodes[5].Summary.Size,1295758567
TopByValueNodes[6].Owner,0x7b5855bb92cd7f3f78137497df02f6ccb9badda93d9782e0f230c807ba728be0
TopByValueNodes[6].MaxDepth,11
TopByValueNodes[6].TotalNodes,33421948
TopByValueNodes[6].TotalSize,1380418887
TopByValueNodes[6].ValueNodes,14216760
TopByValueNodes[6].Levels[0].Short,0
TopByValueNodes[6].Levels[0].Full,1
TopByValueNodes[6].Levels[0].Value,0
TopByValueNodes[6].Levels[0].Size,532
TopByValueNodes[6].Levels[1].Short,0
TopByValueNodes[6].Levels[1].Full,16
TopByValueNodes[6].Levels[1].Value,0
TopByValueNodes[6].Levels[1].Size,8512
TopByValueNodes[6].Levels[2].Short,0
TopByValueNodes[6].Levels[2].Full,256
TopByValueNodes[6].Levels[2].Value,0
TopByValueNodes[6].Levels[2].Size,136192
TopByValueNodes[6].Levels[3].Short,0
TopByValueNodes[6].Levels[3].Full,4096
TopByValueNodes[6].Levels[3].Value,0
TopByValueNodes[6].Levels[3].Size,2179072
TopByValueNodes[6].Levels[4].Short,0
TopByValueNodes[6].Levels[4].Full,65536
TopByValueNodes[6].Levels[4].Value,0
TopByValueNodes[6].Levels[4].Size,34865088
TopByValueNodes[6].Levels[5].Short,34
TopByValueNodes[6].Levels[5].Full,1048540
TopByValueNodes[6].Levels[5].Value,0
TopByValueNodes[6].Levels[5].Size,327616384
TopByValueNodes[6].Levels[6].Short,6259463
TopByValueNodes[6].Levels[6].Full,3329797
TopByValueNodes[6].Levels[6].Value,22
TopByValueNodes[6].Levels[6].Size,603947715
TopByValueNodes[6].Levels[7].Short,7400748
TopByValueNodes[6].Levels[7].Full,350905
TopByValueNodes[6].Levels[7].Value,6095657
TopByValueNodes[6].Levels[7].Size,376405477
TopByValueNodes[6].Levels[8].Short,705939
TopByValueNodes[6].Levels[8].Full,13213
TopByValueNodes[6].Levels[8].Value,7388631
TopByValueNodes[6].Levels[8].Size,34130854
TopByValueNodes[6].Levels[9].Short,26443
TopByValueNodes[6].Levels[9].Full,67
TopByValueNodes[6].Levels[9].Value,705873
TopByValueNodes[6].Levels[9].Size,1123445
TopByValueNodes[6].Levels[10].Short,134
TopByValueNodes[6].Levels[10].Full,0
TopByValueNodes[6].Levels[10].Value,26443
TopByValueNodes[6].Levels[10].Size,5616
TopByValueNodes[6].Levels[11].Short,0
TopByValueNodes[6].Levels[11].Full,0
TopByValueNodes[6].Levels[11].Value,134
TopByValueNodes[6].Levels[11].Size,0
TopByValueNodes[6].Summary.Short,14392761
TopByValueNodes[6].Summary.Full,4812427
TopByValueNodes[6].Summary.Value,14216760
TopByValueNodes[6].Summary.Size,1380418887
TopByValueNodes[7].Owner,0x9f13f88230a70de90ed5fa41ba35a5fb78bc55d11cc9406f17d314fb67047ac7
TopByValueNodes[7].MaxDepth,11
TopByValueNodes[7].TotalNodes,31644458
TopByValueNodes[7].TotalSize,1155533317
TopByValueNodes[7].ValueNodes,13479548
TopByValueNodes[7].Levels[0].Short,0
TopByValueNodes[7].Levels[0].Full,1
TopByValueNodes[7].Levels[0].Value,0
TopByValueNodes[7].Levels[0].Size,532
TopByValueNodes[7].Levels[1].Short,0
TopByValueNodes[7].Levels[1].Full,16
TopByValueNodes[7].Levels[1].Value,0
TopByValueNodes[7].Levels[1].Size,8512
TopByValueNodes[7].Levels[2].Short,0
TopByValueNodes[7].Levels[2].Full,256
TopByValueNodes[7].Levels[2].Value,0
TopByValueNodes[7].Levels[2].Size,136192
TopByValueNodes[7].Levels[3].Short,0
TopByValueNodes[7].Levels[3].Full,4096
TopByValueNodes[7].Levels[3].Value,0
TopByValueNodes[7].Levels[3].Size,2179072
TopByValueNodes[7].Levels[4].Short,0
TopByValueNodes[7].Levels[4].Full,65536
TopByValueNodes[7].Levels[4].Value,0
TopByValueNodes[7].Levels[4].Size,34865024
TopByValueNodes[7].Levels[5].Short,53
TopByValueNodes[7].Levels[5].Full,1048519
TopByValueNodes[7].Levels[5].Value,0
TopByValueNodes[7].Levels[5].Size,317188579
TopByValueNodes[7].Levels[6].Short,6191214
TopByValueNodes[7].Levels[6].Full,3073737
TopByValueNodes[7].Levels[6].Value,31
TopByValueNodes[7].Levels[6].Size,508211064
TopByValueNodes[7].Levels[7].Short,6793397
TopByValueNodes[7].Levels[7].Full,316472
TopByValueNodes[7].Levels[7].Value,6037028
TopByValueNodes[7].Levels[7].Size,269215416
TopByValueNodes[7].Levels[8].Short,636473
TopByValueNodes[7].Levels[8].Full,11643
TopByValueNodes[7].Levels[8].Value,6782650
TopByValueNodes[7].Levels[8].Size,23324074
TopByValueNodes[7].Levels[9].Short,23299
TopByValueNodes[7].Levels[9].Full,66
TopByValueNodes[7].Levels[9].Value,636408
TopByValueNodes[7].Levels[9].Size,402875
TopByValueNodes[7].Levels[10].Short,132
TopByValueNodes[7].Levels[10].Full,0
TopByValueNodes[7].Levels[10].Value,23299
TopByValueNodes[7].Levels[10].Size,1977
TopByValueNodes[7].Levels[11].Short,0
TopByValueNodes[7].Levels[11].Full,0
TopByValueNodes[7].Levels[11].Value,132
TopByValueNodes[7].Levels[11].Size,0
TopByValueNodes[7].Summary.Short,13644568
TopByValueNodes[7].Summary.Full,4520342
TopByValueNodes[7].Summary.Value,13479548
TopByValueNodes[7].Summary.Size,1155533317
TopByValueNodes[8].Owner,0x13e5221b360b38b094f5ef662bb810422224e76ec7e30b88b81d8b7493399e0c
TopByValueNodes[8].MaxDepth,11
TopByValueNodes[8].TotalNodes,25313379
TopByValueNodes[8].TotalSize,1073040002
TopByValueNodes[8].ValueNodes,10836537
TopByValueNodes[8].Levels[0].Short,0
TopByValueNodes[8].Levels[0].Full,1
TopByValueNodes[8].Levels[0].Value,0
TopByValueNodes[8].Levels[0].Size,532
TopByValueNodes[8].Levels[1].Short,0
TopByValueNodes[8].Levels[1].Full,16
TopByValueNodes[8].Levels[1].Value,0
TopByValueNodes[8].Levels[1].Size,8512
TopByValueNodes[8].Levels[2].Short,0
TopByValueNodes[8].Levels[2].Full,256
TopByValueNodes[8].Levels[2].Value,0
TopByValueNodes[8].Levels[2].Size,136192
TopByValueNodes[8].Levels[3].Short,0
TopByValueNodes[8].Levels[3].Full,4096
TopByValueNodes[8].Levels[3].Value,0
TopByValueNodes[8].Levels[3].Size,2179072
TopByValueNodes[8].Levels[4].Short,0
TopByValueNodes[8].Levels[4].Full,65536
TopByValueNodes[8].Levels[4].Value,0
TopByValueNodes[8].Levels[4].Size,34864160
TopByValueNodes[8].Levels[5].Short,477
TopByValueNodes[8].Levels[5].Full,1048068
TopByValueNodes[8].Levels[5].Value,0
TopByValueNodes[8].Levels[5].Size,275891002
TopByValueNodes[8].Levels[6].Short,5795341
TopByValueNodes[8].Levels[6].Full,2186346
TopByValueNodes[8].Levels[6].Value,347
TopByValueNodes[8].Levels[6].Size,486769270
TopByValueNodes[8].Levels[7].Short,4734129
TopByValueNodes[8].Levels[7].Full,206990
TopByValueNodes[8].Levels[7].Value,5679182
TopByValueNodes[8].Levels[7].Size,251449533
TopByValueNodes[8].Levels[8].Short,415865
TopByValueNodes[8].Levels[8].Full,6534
TopByValueNodes[8].Levels[8].Value,4728034
TopByValueNodes[8].Levels[8].Size,21101351
TopByValueNodes[8].Levels[9].Short,13070
TopByValueNodes[8].Levels[9].Full,39
TopByValueNodes[8].Levels[9].Value,415826
TopByValueNodes[8].Levels[9].Size,636649
TopByValueNodes[8].Levels[10].Short,78
TopByValueNodes[8].Levels[10].Full,0
TopByValueNodes[8].Levels[10].Value,13070
TopByValueNodes[8].Levels[10].Size,3729
TopByValueNodes[8].Levels[11].Short,0
TopByValueNodes[8].Levels[11].Full,0
TopByValueNodes[8].Levels[11].Value,78
TopByValueNodes[8].Levels[11].Size,0
TopByValueNodes[8].Summary.Short,10958960
TopByValueNodes[8].Summary.Full,3517882
TopByValueNodes[8].Summary.Value,10836537
TopByValueNodes[8].Summary.Size,1073040002
TopByValueNodes[9].Owner,0x0e02bb4c5c6c512892c34cffc6369ae45919899a5dc7dd321d3351e4f803300f
TopByValueNodes[9].MaxDepth,11
TopByValueNodes[9].TotalNodes,23307994
TopByValueNodes[9].TotalSize,907044011
TopByValueNodes[9].ValueNodes,9991466
TopByValueNodes[9].Levels[0].Short,0
TopByValueNodes[9].Levels[0].Full,1
TopByValueNodes[9].Levels[0].Value,0
TopByValueNodes[9].Levels[0].Size,532
TopByValueNodes[9].Levels[1].Short,0
TopByValueNodes[9].Levels[1].Full,16
TopByValueNodes[9].Levels[1].Value,0
TopByValueNodes[9].Levels[1].Size,8512
TopByValueNodes[9].Levels[2].Short,0
TopByValueNodes[9].Levels[2].Full,256
TopByValueNodes[9].Levels[2].Value,0
TopByValueNodes[9].Levels[2].Size,136192
TopByValueNodes[9].Levels[3].Short,0
TopByValueNodes[9].Levels[3].Full,4096
TopByValueNodes[9].Levels[3].Value,0
TopByValueNodes[9].Levels[3].Size,2179072
TopByValueNodes[9].Levels[4].Short,0
TopByValueNodes[9].Levels[4].Full,65536
TopByValueNodes[9].Levels[4].Value,0
TopByValueNodes[9].Levels[4].Size,34863040
TopByValueNodes[9].Levels[5].Short,1007
TopByValueNodes[9].Levels[5].Full,1047503
TopByValueNodes[9].Levels[5].Value,0
TopByValueNodes[9].Levels[5].Size,261258555
TopByValueNodes[9].Levels[6].Short,5610514
TopByValueNodes[9].Levels[6].Full,1916687
TopByValueNodes[9].Levels[6].Value,731
TopByValueNodes[9].Levels[6].Size,407766466
TopByValueNodes[9].Levels[7].Short,4123680
TopByValueNodes[9].Levels[7].Full,176707
TopByValueNodes[9].Levels[7].Value,5506495
TopByValueNodes[9].Levels[7].Size,185368903
TopByValueNodes[9].Levels[8].Short,354951
TopByValueNodes[9].Levels[8].Full,5161
TopByValueNodes[9].Levels[8].Value,4118936
TopByValueNodes[9].Levels[8].Size,15068473
TopByValueNodes[9].Levels[9].Short,10323
TopByValueNodes[9].Levels[9].Full,30
TopByValueNodes[9].Levels[9].Value,354921
TopByValueNodes[9].Levels[9].Size,391811
TopByValueNodes[9].Levels[10].Short,60
TopByValueNodes[9].Levels[10].Full,0
TopByValueNodes[9].Levels[10].Value,10323
TopByValueNodes[9].Levels[10].Size,2455
TopByValueNodes[9].Levels[11].Short,0
TopByValueNodes[9].Levels[11].Full,0
TopByValueNodes[9].Levels[11].Value,60
TopByValueNodes[9].Levels[11].Size,0
TopByValueNodes[9].Summary.Short,10100535
TopByValueNodes[9].Summary.Full,3215993
TopByValueNodes[9].Summary.Value,9991466
TopByValueNodes[9].Summary.Size,907044011
